{"type":"FeatureCollection","features":[{"type":"Feature","id":"And","properties":{"name":"Andromeda","es":"Andrómeda","de":"Andromeda","desig":"And","gen":"Andromedae","rank":"1","display":[11.8858,38.4318,5]},"geometry":{"type":"Point","coordinates":[0.75,43]}},{"type":"Feature","id":"Ant","properties":{"name":"Antlia","es":"Máquina Neumática","de":"Luftpumpe","desig":"Ant","gen":"Antliae","rank":"3","display":[154.1067,-33.0836,9]},"geometry":{"type":"Point","coordinates":[156,-36]}},{"type":"Feature","id":"Aps","properties":{"name":"Apus","es":"Ave del Paraíso","de":"Paradiesvogel","desig":"Aps","gen":"Apodis","rank":"3","display":[-117.8366,-76.3001,9]},"geometry":{"type":"Point","coordinates":[-120,-74]}},{"type":"Feature","id":"Aqr","properties":{"name":"Aquarius","es":"Acuario","de":"Wassermann","desig":"Aqr","gen":"Aquarii","rank":"2","display":[-25.6548,-10.7892,5]},"geometry":{"type":"Point","coordinates":[-22.5,-5]}},{"type":"Feature","id":"Aql","properties":{"name":"Aquila","es":"Águila","de":"Adler","desig":"Aql","gen":"Aquilae","rank":"1","display":[-64.9946,3.4109,5]},"geometry":{"type":"Point","coordinates":[-69,8]}},{"type":"Feature","id":"Ara","properties":{"name":"Ara","es":"Altar","de":"Altar","desig":"Ara","gen":"Arae","rank":"3","display":[-99.3786,-56.5883,7.5]},"geometry":{"type":"Point","coordinates":[-102,-56]}},{"type":"Feature","id":"Ari","properties":{"name":"Aries","es":"Carnero","de":"Widder","desig":"Ari","gen":"Arietis","rank":"1","display":[39.5412,20.7923,7]},"geometry":{"type":"Point","coordinates":[42,22]}},{"type":"Feature","id":"Aur","properties":{"name":"Auriga","es":"Cochero","de":"Fuhrmann","desig":"Aur","gen":"Aurigae","rank":"1","display":[91.1055,42.0281,5.5]},"geometry":{"type":"Point","coordinates":[82.5,37]}},{"type":"Feature","id":"Boo","properties":{"name":"Boötes","es":"Boyero","de":"Bärenhüter","desig":"Boo","gen":"Boötis","rank":"1","display":[-139.3404,31.2027,3.5]},"geometry":{"type":"Point","coordinates":[-136.5,35]}},{"type":"Feature","id":"Cae","properties":{"name":"Caelum","es":"Cincel","de":"Grabstichel","desig":"Cae","gen":"Caeli","rank":"3","display":[70.5687,-37.8817,8]},"geometry":{"type":"Point","coordinates":[73.5,-42]}},{"type":"Feature","id":"Cam","properties":{"name":"Camelopardalis","es":"Jirafa","de":"Giraffe","desig":"Cam","gen":"Camelopardalis","rank":"2","display":[85.8419,74.3815,4]},"geometry":{"type":"Point","coordinates":[84,72]}},{"type":"Feature","id":"Cnc","properties":{"name":"Cancer","es":"Cangrejo","de":"Krebs","desig":"Cnc","gen":"Cancri","rank":"2","display":[129.7392,19.8058,6]},"geometry":{"type":"Point","coordinates":[128.25,27]}},{"type":"Feature","id":"CVn","properties":{"name":"Canes Venatici","es":"Lebreles","de":"Jagdhunde","desig":"CVn","gen":"Canum Venaticorum","rank":"2","display":[-163.2598,40.1018,6]},"geometry":{"type":"Point","coordinates":[-168,43]}},{"type":"Feature","id":"CMa","properties":{"name":"Canis Major","es":"Can Mayor","de":"Großer Hund","desig":"CMa","gen":"Canis Majoris","rank":"1","display":[102.4362,-22.1403,6.5]},"geometry":{"type":"Point","coordinates":[97.5,-26]}},{"type":"Feature","id":"CMi","properties":{"name":"Canis Minor","es":"Can Menor","de":"Kleiner Hund","desig":"CMi","gen":"Canis Minoris","rank":"2","display":[114.7929,6.4272,8.5]},"geometry":{"type":"Point","coordinates":[109.5,5]}},{"type":"Feature","id":"Cap","properties":{"name":"Capricornus","es":"Capricornio","de":"Steinbock","desig":"Cap","gen":"Capricorni","rank":"2","display":[-44.268,-18.0232,7]},"geometry":{"type":"Point","coordinates":[-45,-22]}},{"type":"Feature","id":"Car","properties":{"name":"Carina","es":"Quilla","de":"Kiel","desig":"Car","gen":"Carinae","rank":"1","display":[130.4248,-65.2193,5.5]},"geometry":{"type":"Point","coordinates":[144,-66]}},{"type":"Feature","id":"Cas","properties":{"name":"Cassiopeia","es":"Cassiopea","de":"Kassiopeia","desig":"Cas","gen":"Cassiopeiae","rank":"1","display":[16.2111,63.184,5]},"geometry":{"type":"Point","coordinates":[-6,55.5]}},{"type":"Feature","id":"Cen","properties":{"name":"Centaurus","es":"Centauro","de":"Zentaur","desig":"Cen","gen":"Centauri","rank":"1","display":[-163.9332,-48.3453,4.5]},"geometry":{"type":"Point","coordinates":[-160.5,-40]}},{"type":"Feature","id":"Cep","properties":{"name":"Cepheus","es":"Cefeo","de":"Kepheus","desig":"Cep","gen":"Cephei","rank":"2","display":[-29.9925,74.0086,4]},"geometry":{"type":"Point","coordinates":[-22.5,71]}},{"type":"Feature","id":"Cet","properties":{"name":"Cetus","es":"Ballena","de":"Wal","desig":"Cet","gen":"Ceti","rank":"1","display":[24.9751,-7.1793,4.5]},"geometry":{"type":"Point","coordinates":[28.5,-5]}},{"type":"Feature","id":"Cha","properties":{"name":"Chamaeleon","es":"Camaleón","de":"Chamäleon","desig":"Cha","gen":"Chamaeleontis","rank":"3","display":[160.3816,-81.205,9]},"geometry":{"type":"Point","coordinates":[-171,-81]}},{"type":"Feature","id":"Cir","properties":{"name":"Circinus","es":"Compás","de":"Zirkel","desig":"Cir","gen":"Circini","rank":"3","display":[-141.365,-63.0304,8]},"geometry":{"type":"Point","coordinates":[-142.5,-67]}},{"type":"Feature","id":"Col","properties":{"name":"Columba","es":"Paloma","de":"Taube","desig":"Col","gen":"Columbae","rank":"3","display":[87.9392,-35.0944,8]},"geometry":{"type":"Point","coordinates":[85.5,-39]}},{"type":"Feature","id":"Com","properties":{"name":"Coma Berenices","es":"Cabellera de Berenice","de":"Haar der Berenike","desig":"Com","gen":"Comae Berenices","rank":"3","display":[-168.1833,23.3057,7.5]},"geometry":{"type":"Point","coordinates":[-166.5,24]}},{"type":"Feature","id":"CrA","properties":{"name":"Corona Austrina","es":"Corona Austral","de":"Südl. Krone","desig":"CrA","gen":"Coronae Austrini","rank":"3","display":[-80.3024,-41.1475,9]},"geometry":{"type":"Point","coordinates":[-78,-40]}},{"type":"Feature","id":"CrB","properties":{"name":"Corona Borealis","es":"Corona Boreal","de":"Nördl. Krone","desig":"CrB","gen":"Coronae Borealis","rank":"2","display":[-122.3521,32.6249,9]},"geometry":{"type":"Point","coordinates":[-121.5,32]}},{"type":"Feature","id":"Crv","properties":{"name":"Corvus","es":"Cuervo","de":"Rabe","desig":"Crv","gen":"Corvi","rank":"3","display":[-173.3709,-18.4366,9]},"geometry":{"type":"Point","coordinates":[-174,-19.5]}},{"type":"Feature","id":"Crt","properties":{"name":"Crater","es":"Copa","de":"Becher","desig":"Crt","gen":"Crateris","rank":"3","display":[170.9371,-15.929,8.5]},"geometry":{"type":"Point","coordinates":[174.75,-15]}},{"type":"Feature","id":"Cru","properties":{"name":"Crux","es":"Cruz","de":"Kreuz des Südens","desig":"Cru","gen":"Crux","rank":"2","display":[-173.2521,-60.1864,10]},"geometry":{"type":"Point","coordinates":[-166.5,-62]}},{"type":"Feature","id":"Cyg","properties":{"name":"Cygnus","es":"Cisne","de":"Schwan","desig":"Cyg","gen":"Cygni","rank":"1","display":[-51.1804,44.5451,5]},"geometry":{"type":"Point","coordinates":[-52.5,50]}},{"type":"Feature","id":"Del","properties":{"name":"Delphinus","es":"Delfin","de":"Delphin","desig":"Del","gen":"Delphini","rank":"3","display":[-49.5963,11.671,8.5]},"geometry":{"type":"Point","coordinates":[-51,6]}},{"type":"Feature","id":"Dor","properties":{"name":"Dorado","es":"Dorada","de":"Schwertfisch","desig":"Dor","gen":"Doradus","rank":"3","display":[78.628,-60.3871,7]},"geometry":{"type":"Point","coordinates":[76.5,-64]}},{"type":"Feature","id":"Dra","properties":{"name":"Draco","es":"Dragón","de":"Drache","desig":"Dra","gen":"Draconis","rank":"2","display":[-112.8393,71.0066,4]},"geometry":{"type":"Point","coordinates":[-91.5,64]}},{"type":"Feature","id":"Equ","properties":{"name":"Equuleus","es":"Caballito","de":"Füllen","desig":"Equ","gen":"Equulei","rank":"3","display":[-42.1855,7.7582,9]},"geometry":{"type":"Point","coordinates":[-39.75,11.5]}},{"type":"Feature","id":"Eri","properties":{"name":"Eridanus","es":"Eridano","de":"Eridanus","desig":"Eri","gen":"Eridani","rank":"1","display":[49.5053,-30.7562,3]},"geometry":{"type":"Point","coordinates":[52.5,-18]}},{"type":"Feature","id":"For","properties":{"name":"Fornax","es":"Hornillo","de":"Chem. Ofen","desig":"For","gen":"Fornacis","rank":"3","display":[41.9698,-31.6346,7]},"geometry":{"type":"Point","coordinates":[40.5,-28]}},{"type":"Feature","id":"Gem","properties":{"name":"Gemini","es":"Gemelos","de":"Zwillinge","desig":"Gem","gen":"Geminorum","rank":"1","display":[106.0592,22.6002,6]},"geometry":{"type":"Point","coordinates":[107.25,23.5]}},{"type":"Feature","id":"Gru","properties":{"name":"Grus","es":"Gulla","de":"Kranich","desig":"Gru","gen":"Gruis","rank":"3","display":[-23.1517,-47.3518,7]},"geometry":{"type":"Point","coordinates":[-18,-41.5]}},{"type":"Feature","id":"Her","properties":{"name":"Hercules","es":"Hércules","de":"Herkules","desig":"Her","gen":"Herculis","rank":"2","display":[-99.2096,27.9989,3.5]},"geometry":{"type":"Point","coordinates":[-106.5,35]}},{"type":"Feature","id":"Hor","properties":{"name":"Horologium","es":"Reloj","de":"Pendeluhr","desig":"Hor","gen":"Horologii","rank":"3","display":[49.1394,-53.3363,6]},"geometry":{"type":"Point","coordinates":[51,-52]}},{"type":"Feature","id":"Hya","properties":{"name":"Hydra","es":"Hidra","de":"Wasserschlange","desig":"Hya","gen":"Hydrae","rank":"2","display":[174.1825,-14.5318,3]},"geometry":{"type":"Point","coordinates":[150,-22]}},{"type":"Feature","id":"Hyi","properties":{"name":"Hydrus","es":"Hidra Austral","de":"Kl. Wasserschlange","desig":"Hyi","gen":"Hydri","rank":"3","display":[35.1637,-70.5564,6.5]},"geometry":{"type":"Point","coordinates":[34.5,-72]}},{"type":"Feature","id":"Ind","properties":{"name":"Indus","es":"Indio","de":"Inder","desig":"Ind","gen":"Indi","rank":"3","display":[-30.4164,-60.3067,5.5]},"geometry":{"type":"Point","coordinates":[-42,-55.5]}},{"type":"Feature","id":"Lac","properties":{"name":"Lacerta","es":"Lagarto","de":"Eidechse","desig":"Lac","gen":"Lacertae","rank":"3","display":[-23.079,46.5418,7]},"geometry":{"type":"Point","coordinates":[-18,47]}},{"type":"Feature","id":"Leo","properties":{"name":"Leo","es":"León","de":"Löwe","desig":"Leo","gen":"Leonis","rank":"1","display":[160.0066,13.1387,4]},"geometry":{"type":"Point","coordinates":[159,15]}},{"type":"Feature","id":"LMi","properties":{"name":"Leo Minor","es":"León Menor","de":"Kleiner Löwe","desig":"LMi","gen":"Leonis Minoris","rank":"3","display":[153.6801,32.1346,7]},"geometry":{"type":"Point","coordinates":[157.5,30]}},{"type":"Feature","id":"Lep","properties":{"name":"Lepus","es":"Liebre","de":"Hase","desig":"Lep","gen":"Leporis","rank":"3","display":[83.4875,-19.0463,7]},"geometry":{"type":"Point","coordinates":[88.5,-25]}},{"type":"Feature","id":"Lib","properties":{"name":"Libra","es":"Balanza","de":"Waage","desig":"Lib","gen":"Librae","rank":"2","display":[-132.0099,-15.2346,5.5]},"geometry":{"type":"Point","coordinates":[-129,-26]}},{"type":"Feature","id":"Lup","properties":{"name":"Lupus","es":"Lobo","de":"Wolf","desig":"Lup","gen":"Lupi","rank":"3","display":[-131.6985,-42.7089,6]},"geometry":{"type":"Point","coordinates":[-131.25,-35]}},{"type":"Feature","id":"Lyn","properties":{"name":"Lynx","es":"Lince","de":"Luchs","desig":"Lyn","gen":"Lyncis","rank":"3","display":[119.8833,48.4666,5.5]},"geometry":{"type":"Point","coordinates":[121.5,49]}},{"type":"Feature","id":"Lyr","properties":{"name":"Lyra","es":"Lira","de":"Leier","desig":"Lyr","gen":"Lyrae","rank":"2","display":[-77.2067,36.6893,7]},"geometry":{"type":"Point","coordinates":[-81,30]}},{"type":"Feature","id":"Men","properties":{"name":"Mensa","es":"Mesa","de":"Tafelberg","desig":"Men","gen":"Mensae","rank":"3","display":[81.2238,-77.5041,8]},"geometry":{"type":"Point","coordinates":[82.5,-80]}},{"type":"Feature","id":"Mic","properties":{"name":"Microscopium","es":"Microscopio","de":"Mikroskop","desig":"Mic","gen":"Microscopii","rank":"3","display":[-45.5299,-36.2748,7]},"geometry":{"type":"Point","coordinates":[-43.5,-37]}},{"type":"Feature","id":"Mon","properties":{"name":"Monoceros","es":"Unicorno","de":"Einhorn","desig":"Mon","gen":"Monocerotis","rank":"2","display":[105.9074,0.2822,5.5]},"geometry":{"type":"Point","coordinates":[114.75,-6]}},{"type":"Feature","id":"Mus","properties":{"name":"Musca","es":"Mosca","de":"Fliege","desig":"Mus","gen":"Muscae","rank":"3","display":[-171.1808,-70.161,8]},"geometry":{"type":"Point","coordinates":[-165,-73]}},{"type":"Feature","id":"Nor","properties":{"name":"Norma","es":"Escuadra","de":"Winkelmaß","desig":"Nor","gen":"Normae","rank":"3","display":[-121.4543,-51.3515,8]},"geometry":{"type":"Point","coordinates":[-117,-52]}},{"type":"Feature","id":"Oct","properties":{"name":"Octans","es":"Octante","de":"Oktant","desig":"Oct","gen":"Octantis","rank":"3","display":[-45.9925,-85.7827,7]},"geometry":{"type":"Point","coordinates":[-60,-80]}},{"type":"Feature","id":"Oph","properties":{"name":"Ophiuchus","es":"Ofiuco","de":"Schlangenträger","desig":"Oph","gen":"Ophiuchi","rank":"2","display":[-99.0772,-7.9124,4]},"geometry":{"type":"Point","coordinates":[-102,3]}},{"type":"Feature","id":"Ori","properties":{"name":"Orion","es":"Orión","de":"Orion","desig":"Ori","gen":"Orionis","rank":"1","display":[83.6481,5.949,5]},"geometry":{"type":"Point","coordinates":[84,13]}},{"type":"Feature","id":"Pav","properties":{"name":"Pavo","es":"Pavo","de":"Pfau","desig":"Pav","gen":"Pavonis","rank":"2","display":[-65.8235,-66.7815,7]},"geometry":{"type":"Point","coordinates":[-63,-62]}},{"type":"Feature","id":"Peg","properties":{"name":"Pegasus","es":"Pegaso","de":"Pegasus","desig":"Peg","gen":"Pegasi","rank":"1","display":[-20.4597,19.4663,5]},"geometry":{"type":"Point","coordinates":[-25.5,16]}},{"type":"Feature","id":"Per","properties":{"name":"Perseus","es":"Perseo","de":"Perseus","desig":"Per","gen":"Persei","rank":"1","display":[47.6241,45.0132,5.5]},"geometry":{"type":"Point","coordinates":[66,45]}},{"type":"Feature","id":"Phe","properties":{"name":"Phoenix","es":"Fénix","de":"Phönix","desig":"Phe","gen":"Phoenicis","rank":"2","display":[13.0216,-48.5762,7]},"geometry":{"type":"Point","coordinates":[16.5,-43]}},{"type":"Feature","id":"Pic","properties":{"name":"Pictor","es":"Pintor","de":"Maler","desig":"Pic","gen":"Pictoris","rank":"3","display":[85.6144,-53.9741,7]},"geometry":{"type":"Point","coordinates":[82.5,-50]}},{"type":"Feature","id":"Psc","properties":{"name":"Pisces","es":"Peces","de":"Fische","desig":"Psc","gen":"Piscium","rank":"2","display":[7.7567,13.6872,4.5]},"geometry":{"type":"Point","coordinates":[19.5,15]}},{"type":"Feature","id":"PsA","properties":{"name":"Piscis Austrinus","es":"Pez Austral","de":"Südl. Fisch","desig":"PsA","gen":"Piscis Austrini","rank":"2","display":[-25.7324,-30.6422,8]},"geometry":{"type":"Point","coordinates":[-27,-29]}},{"type":"Feature","id":"Pup","properties":{"name":"Puppis","es":"Popa","de":"Achterdeck","desig":"Pup","gen":"Puppis","rank":"2","display":[108.8693,-31.1774,4]},"geometry":{"type":"Point","coordinates":[111,-46]}},{"type":"Feature","id":"Pyx","properties":{"name":"Pyxis","es":"Brújula","de":"Schiffskompass","desig":"Pyx","gen":"Pyxidis","rank":"3","display":[134.2911,-27.3516,8]},"geometry":{"type":"Point","coordinates":[132,-24]}},{"type":"Feature","id":"Ret","properties":{"name":"Reticulum","es":"Retículo","de":"Netz","desig":"Ret","gen":"Reticuli","rank":"3","display":[58.8186,-59.9975,8]},"geometry":{"type":"Point","coordinates":[55.5,-61]}},{"type":"Feature","id":"Sge","properties":{"name":"Sagitta","es":"Flecha","de":"Pfeil","desig":"Sge","gen":"Sagittae","rank":"3","display":[-65.237,18.8614,9]},"geometry":{"type":"Point","coordinates":[-69,18]}},{"type":"Feature","id":"Sgr","properties":{"name":"Sagittarius","es":"Sagitario","de":"Schütze","desig":"Sgr","gen":"Sagittarii","rank":"1","display":[-73.5153,-28.9769,4.5]},"geometry":{"type":"Point","coordinates":[-67.5,-34]}},{"type":"Feature","id":"Sco","properties":{"name":"Scorpius","es":"Escorpión","de":"Skorpion","desig":"Sco","gen":"Scorpii","rank":"1","display":[-106.6888,-27.4315,4.5]},"geometry":{"type":"Point","coordinates":[-111,-38]}},{"type":"Feature","id":"Scl","properties":{"name":"Sculptor","es":"Escultor","de":"Bildhauer","desig":"Scl","gen":"Sculptoris","rank":"3","display":[7.4301,-32.5884,8]},"geometry":{"type":"Point","coordinates":[1.5,-33]}},{"type":"Feature","id":"Sct","properties":{"name":"Scutum","es":"Escudo","de":"Schild","desig":"Sct","gen":"Scuti","rank":"3","display":[-79.9036,-9.8886,9]},"geometry":{"type":"Point","coordinates":[-78,-12.5]}},{"type":"Feature","id":"Ser","properties":{"name":"Serpens","es":"Serpiente","de":"Schlange","desig":"Ser","gen":"Serpentis","rank":"3","display":[-103.3781,4.97,4]},"geometry":{"type":"Point","coordinates":[-127.5,5]}},{"type":"Feature","id":"Sex","properties":{"name":"Sextans","es":"Sextante","de":"Sextant","desig":"Sex","gen":"Sextantis","rank":"3","display":[154.0731,-2.6147,8]},"geometry":{"type":"Point","coordinates":[157.5,-7]}},{"type":"Feature","id":"Tau","properties":{"name":"Taurus","es":"Toro","de":"Stier","desig":"Tau","gen":"Tauri","rank":"1","display":[70.5328,15.8771,5]},"geometry":{"type":"Point","coordinates":[54,15]}},{"type":"Feature","id":"Tel","properties":{"name":"Telescopium","es":"Telescopio","de":"Teleskop","desig":"Tel","gen":"Telescopii","rank":"3","display":[-70.1161,-51.0369,8]},"geometry":{"type":"Point","coordinates":[-82.5,-54]}},{"type":"Feature","id":"Tri","properties":{"name":"Triangulum","es":"Triángulo","de":"Dreieck","desig":"Tri","gen":"Trianguli","rank":"3","display":[32.7664,31.4761,8]},"geometry":{"type":"Point","coordinates":[27,34]}},{"type":"Feature","id":"TrA","properties":{"name":"Triangulum Australe","es":"Triángulo Austral","de":"Südl. Dreieck","desig":"TrA","gen":"Trianguli Australis","rank":"2","display":[-118.7628,-65.388,9]},"geometry":{"type":"Point","coordinates":[-120,-67.5]}},{"type":"Feature","id":"Tuc","properties":{"name":"Tucana","es":"Tucán","de":"Tukan","desig":"Tuc","gen":"Tucanae","rank":"3","display":[-4.66,-66.33,8]},"geometry":{"type":"Point","coordinates":[-12,-64]}},{"type":"Feature","id":"UMa","properties":{"name":"Ursa Major","es":"Osa Mayor","de":"Großer Bär","desig":"UMa","gen":"Ursae Majoris","rank":"1","display":[169.6902,52.7212,3.5]},"geometry":{"type":"Point","coordinates":[165,48]}},{"type":"Feature","id":"UMi","properties":{"name":"Ursa Minor","es":"Osa Menor","de":"Kleiner Bär","desig":"UMi","gen":"Ursae Minoris","rank":"2","display":[-134.9925,79.0318,6]},"geometry":{"type":"Point","coordinates":[-133.5,68]}},{"type":"Feature","id":"Vel","properties":{"name":"Vela","es":"Velas","de":"Segel","desig":"Vel","gen":"Velorum","rank":"2","display":[143.6591,-48.1672,5]},"geometry":{"type":"Point","coordinates":[143.25,-46]}},{"type":"Feature","id":"Vir","properties":{"name":"Virgo","es":"Virgen","de":"Jungfrau","desig":"Vir","gen":"Virginis","rank":"1","display":[-158.9023,-4.1584,4.5]},"geometry":{"type":"Point","coordinates":[-160.5,-4]}},{"type":"Feature","id":"Vol","properties":{"name":"Volans","es":"Pez Volador","de":"Fliegender Fisch","desig":"Vol","gen":"Volantis","rank":"3","display":[116.9327,-69.8012,8]},"geometry":{"type":"Point","coordinates":[111,-73]}},{"type":"Feature","id":"Vul","properties":{"name":"Vulpecula","es":"Zorra","de":"Fuchs","desig":"Vul","gen":"Vulpeculae","rank":"3","display":[-56.5304,24.4427,8]},"geometry":{"type":"Point","coordinates":[-64.5,21]}}]}