{"type":"FeatureCollection","features":[{"type":"Feature","id":"WLM","properties":{"name":"WLM","desig":"DDO 221","mag":"11.0","dim":"11.5x4.0","type":"IBm V-VI","sub":"LG","pop":"","str":""},"geometry":{"type":"Point","coordinates":[0.4921,-15.4608]}},{"type":"Feature","id":"AndXVIII","properties":{"name":"And XVIII","desig":"","mag":"16.0","dim":"0.9","type":"dSph","sub":"M31?","pop":"","str":""},"geometry":{"type":"Point","coordinates":[0.5604,45.0889]}},{"type":"Feature","id":"TucIV","properties":{"name":"Tuc IV","desig":"","mag":"14.9","dim":"11.8x7.1","type":"UFD","sub":"MW","pop":"","str":"Mag?"},"geometry":{"type":"Point","coordinates":[0.7254,-60.8514]}},{"type":"Feature","id":"AndXX","properties":{"name":"And XX","desig":"","mag":"18.2","dim":"0.53","type":"UFD","sub":"M31","pop":"","str":""},"geometry":{"type":"Point","coordinates":[1.8779,35.1322]}},{"type":"Feature","id":"AndXIX","properties":{"name":"And XIX","desig":"","mag":"15.6","dim":"6.2","type":"dSph","sub":"M31","pop":"","str":""},"geometry":{"type":"Point","coordinates":[4.8838,35.0436]}},{"type":"Feature","id":"IC10","properties":{"name":"IC 10","desig":"","mag":"10.3","dim":"6.8x5.9","type":"IBm V-VI","sub":"M31?","pop":"","str":""},"geometry":{"type":"Point","coordinates":[5.0721,59.3039]}},{"type":"Feature","id":"AndXXVI","properties":{"name":"And XXVI","desig":"","mag":"17.3","dim":"1.0","type":"dSph","sub":"M31","pop":"GP","str":""},"geometry":{"type":"Point","coordinates":[5.94,47.9161]}},{"type":"Feature","id":"NGC104","properties":{"name":"NGC 104","desig":"47 Tuc","mag":"4.0","dim":"50.0","type":"GC","sub":"MW","pop":"BD","str":""},"geometry":{"type":"Point","coordinates":[6.0217,-72.0808]}},{"type":"Feature","id":"NGC121","properties":{"name":"NGC 121","desig":"","mag":"11.2","dim":"3.1","type":"GC","sub":"MW","pop":"","str":"Mag"},"geometry":{"type":"Point","coordinates":[6.7013,-71.5356]}},{"type":"Feature","id":"CetI","properties":{"name":"Cet I","desig":"KKS 1","mag":"14.4","dim":"5.0x4.3","type":"dSph","sub":"LG","pop":"","str":""},"geometry":{"type":"Point","coordinates":[6.5458,-11.0444]}},{"type":"Feature","id":"AndXXV","properties":{"name":"And XXV","desig":"","mag":"14.8","dim":"3.0","type":"dSph","sub":"M31","pop":"GP","str":""},"geometry":{"type":"Point","coordinates":[7.5371,46.8519]}},{"type":"Feature","id":"NGC147","properties":{"name":"NGC 147","desig":"DDO 3","mag":"10.5","dim":"13.2x7.8","type":"dE5","sub":"M31","pop":"GP N","str":"147?"},"geometry":{"type":"Point","coordinates":[8.3004,48.5089]}},{"type":"Feature","id":"DES1","properties":{"name":"DES 1","desig":"","mag":"16.7","dim":"0.39","type":"GC","sub":"MW","pop":"YH","str":""},"geometry":{"type":"Point","coordinates":[8.4988,-49.0389]}},{"type":"Feature","id":"AndIII","properties":{"name":"And III","desig":"KK 5","mag":"15.0","dim":"4.5x3.0","type":"dSph","sub":"M31","pop":"GP","str":""},"geometry":{"type":"Point","coordinates":[8.8908,36.4978]}},{"type":"Feature","id":"CasIII","properties":{"name":"Cas III","desig":"And XXXII","mag":"12.1","dim":"","type":"dSph","sub":"M31","pop":"","str":""},"geometry":{"type":"Point","coordinates":[8.9975,51.5597]}},{"type":"Feature","id":"CasII","properties":{"name":"Cas II","desig":"And XXX","mag":"16.2","dim":"","type":"dSph","sub":"M31","pop":"GP N","str":"147?"},"geometry":{"type":"Point","coordinates":[9.1454,49.6467]}},{"type":"Feature","id":"AndXVII","properties":{"name":"And XVII","desig":"","mag":"16.0","dim":"1.1x0.9","type":"dSph","sub":"M31","pop":"GP","str":""},"geometry":{"type":"Point","coordinates":[9.2792,44.3222]}},{"type":"Feature","id":"AndXXVII","properties":{"name":"And XXVII","desig":"","mag":"16.7","dim":"1.8","type":"dSph","sub":"M31","pop":"GP","str":""},"geometry":{"type":"Point","coordinates":[9.3629,45.3869]}},{"type":"Feature","id":"NGC185","properties":{"name":"NGC 185","desig":"","mag":"10.1","dim":"11.7x10.0","type":"dE3","sub":"M31","pop":"GP N","str":"147?"},"geometry":{"type":"Point","coordinates":[9.7417,48.3375]}},{"type":"Feature","id":"M110","properties":{"name":"M110","desig":"NGC 205","mag":"8.9","dim":"21.9x11.0","type":"dE5/p","sub":"M31","pop":"","str":""},"geometry":{"type":"Point","coordinates":[10.0921,41.6853]}},{"type":"Feature","id":"AndVIII","properties":{"name":"And VIII","desig":"M31 part","mag":"9.1","dim":"45x10","type":"dSph pec:","sub":"M31","pop":"","str":""},"geometry":{"type":"Point","coordinates":[10.525,40.6167]}},{"type":"Feature","id":"AndIV","properties":{"name":"And IV","desig":"","mag":"16.6","dim":"1.3x1.0","type":"dIrr:","sub":"??","pop":"","str":""},"geometry":{"type":"Point","coordinates":[10.6346,40.5719]}},{"type":"Feature","id":"M32","properties":{"name":"M32","desig":"NGC 221","mag":"9.0","dim":"8.7x6.5","type":"cE2","sub":"M31","pop":"","str":""},"geometry":{"type":"Point","coordinates":[10.6742,40.8653]}},{"type":"Feature","id":"M31","properties":{"name":"M31","desig":"NGC 224","mag":"4.4","dim":"190x60","type":"SAb II","sub":"M31","pop":"","str":""},"geometry":{"type":"Point","coordinates":[10.6846,41.2692]}},{"type":"Feature","id":"AndI","properties":{"name":"And I","desig":"KK 8","mag":"13.6","dim":"2.5x2.5","type":"dSph/dE3","sub":"M31","pop":"GP","str":""},"geometry":{"type":"Point","coordinates":[11.4158,38.0411]}},{"type":"Feature","id":"AndXI","properties":{"name":"And XI","desig":"","mag":"17.2","dim":"0.68","type":"UFD","sub":"M31","pop":"GP","str":""},"geometry":{"type":"Point","coordinates":[11.5875,33.8061]}},{"type":"Feature","id":"AndXII","properties":{"name":"And XII","desig":"","mag":"18.1","dim":"0.55","type":"UFD","sub":"M31","pop":"GP","str":""},"geometry":{"type":"Point","coordinates":[11.8625,34.3747]}},{"type":"Feature","id":"AndXIV","properties":{"name":"And XIV","desig":"","mag":"","dim":"","type":"dSph","sub":"M31","pop":"GP","str":""},"geometry":{"type":"Point","coordinates":[12.8958,29.6969]}},{"type":"Feature","id":"AndXIII","properties":{"name":"And XIII","desig":"","mag":"17.6","dim":"0.5","type":"UFD","sub":"M31","pop":"GP","str":""},"geometry":{"type":"Point","coordinates":[12.9625,33.0044]}},{"type":"Feature","id":"SMC","properties":{"name":"SMC","desig":"NGC 292","mag":"2.7","dim":"320x185","type":"SBm V pec","sub":"MW","pop":"","str":"Mag"},"geometry":{"type":"Point","coordinates":[13.1867,-72.8286]}},{"type":"Feature","id":"NGC288","properties":{"name":"NGC 288","desig":"","mag":"8.1","dim":"13.0","type":"GC","sub":"MW","pop":"OH","str":"G-E (R)"},"geometry":{"type":"Point","coordinates":[13.1979,-26.59]}},{"type":"Feature","id":"AndIX","properties":{"name":"And IX","desig":"","mag":"16.1","dim":"5.0","type":"dSph","sub":"M31","pop":"GP","str":""},"geometry":{"type":"Point","coordinates":[13.2129,43.1969]}},{"type":"Feature","id":"AndXVI","properties":{"name":"And XVI","desig":"","mag":"14.4","dim":"0.5","type":"dSph","sub":"M31","pop":"GP","str":""},"geometry":{"type":"Point","coordinates":[14.8742,32.3767]}},{"type":"Feature","id":"SclI","properties":{"name":"Scl I","desig":"","mag":"10.1","dim":"39.8x30.9","type":"dSph","sub":"MW","pop":"","str":"FLS"},"geometry":{"type":"Point","coordinates":[15.0388,-33.7092]}},{"type":"Feature","id":"NGC362","properties":{"name":"NGC 362","desig":"","mag":"6.4","dim":"14.0","type":"GC","sub":"MW","pop":"YH","str":"G-E (R)"},"geometry":{"type":"Point","coordinates":[15.8096,-70.8483]}},{"type":"Feature","id":"LGS3","properties":{"name":"LGS 3","desig":"Psc I","mag":"14.2","dim":"2x2","type":"dIrr/dSph","sub":"M31?","pop":"M33?","str":""},"geometry":{"type":"Point","coordinates":[15.9792,21.885]}},{"type":"Feature","id":"IC1613","properties":{"name":"IC 1613","desig":"DDO 8","mag":"9.9","dim":"16.2x14.5","type":"IBm V-VI","sub":"M31?","pop":"","str":""},"geometry":{"type":"Point","coordinates":[16.1992,2.1178]}},{"type":"Feature","id":"AndX","properties":{"name":"And X","desig":"","mag":"16.1","dim":"7.0","type":"dSph","sub":"M31","pop":"","str":""},"geometry":{"type":"Point","coordinates":[16.6404,44.8044]}},{"type":"Feature","id":"AndV","properties":{"name":"And V","desig":"","mag":"15.9","dim":"2.0x1.5","type":"dSph","sub":"M31","pop":"","str":""},"geometry":{"type":"Point","coordinates":[17.5713,47.6281]}},{"type":"Feature","id":"AndXV","properties":{"name":"And XV","desig":"","mag":"14.6","dim":"0.7","type":"dSph","sub":"M31","pop":"","str":""},"geometry":{"type":"Point","coordinates":[18.5779,38.1175]}},{"type":"Feature","id":"AndII","properties":{"name":"And II","desig":"KK 12","mag":"13.5","dim":"3.6x2.5","type":"dSph","sub":"M31","pop":"","str":""},"geometry":{"type":"Point","coordinates":[19.1242,33.4192]}},{"type":"Feature","id":"CetII","properties":{"name":"Cet II","desig":"","mag":"17.4","dim":"1.9","type":"GC/UFD","sub":"MW","pop":"","str":""},"geometry":{"type":"Point","coordinates":[19.4733,-17.4203]}},{"type":"Feature","id":"AndXXIV","properties":{"name":"And XXIV","desig":"","mag":"16.3","dim":"2.1","type":"dSph","sub":"M31","pop":"","str":""},"geometry":{"type":"Point","coordinates":[19.625,46.3661]}},{"type":"Feature","id":"AndXXII","properties":{"name":"And XXII","desig":"(Tri I)","mag":"18.0","dim":"0.94","type":"UFD","sub":"M31","pop":"M33?","str":""},"geometry":{"type":"Point","coordinates":[21.9167,28.0903]}},{"type":"Feature","id":"AndXXIII","properties":{"name":"And XXIII","desig":"","mag":"14.2","dim":"4.6","type":"dSph","sub":"M31","pop":"","str":""},"geometry":{"type":"Point","coordinates":[22.3413,38.7189]}},{"type":"Feature","id":"M33","properties":{"name":"M33","desig":"NGC 598","mag":"6.3","dim":"70.8x41.7","type":"SAcd III-IV","sub":"M31?","pop":"","str":""},"geometry":{"type":"Point","coordinates":[23.4621,30.4936]}},{"type":"Feature","id":"PheI","properties":{"name":"Phe I","desig":"ESO 245-7","mag":"13.1","dim":"4.9x4.1","type":"IAm V-VI","sub":"MW?","pop":"","str":""},"geometry":{"type":"Point","coordinates":[27.7763,-44.4447]}},{"type":"Feature","id":"GaiaII","properties":{"name":"Gaia II","desig":"","mag":"16.7","dim":"3.8","type":"GC","sub":"MW","pop":"YH","str":""},"geometry":{"type":"Point","coordinates":[28.1242,53.04]}},{"type":"Feature","id":"Whiting1","properties":{"name":"Whiting 1","desig":"","mag":"15.0","dim":"1.2x1.0","type":"GC","sub":"MW","pop":"YH","str":"Sgr"},"geometry":{"type":"Point","coordinates":[30.7367,-3.2528]}},{"type":"Feature","id":"CetIII","properties":{"name":"Cet III","desig":"","mag":"19.5","dim":"2.5","type":"UFD","sub":"MW","pop":"","str":""},"geometry":{"type":"Point","coordinates":[31.3308,-4.27]}},{"type":"Feature","id":"TriII","properties":{"name":"Tri II","desig":"Laevens 2","mag":"15.6","dim":"3.9x3.1","type":"GC/UFD","sub":"MW","pop":"","str":"TriAnd?"},"geometry":{"type":"Point","coordinates":[33.3225,36.1783]}},{"type":"Feature","id":"SegueII","properties":{"name":"Segue II","desig":"","mag":"15.2","dim":"3.4","type":"GC/UFD","sub":"MW","pop":"","str":"Sgr? TriAnd?"},"geometry":{"type":"Point","coordinates":[34.8167,20.1753]}},{"type":"Feature","id":"EriIII","properties":{"name":"Eri III","desig":"","mag":"18.4","dim":"1.1x0.8","type":"GC/UFD","sub":"MW","pop":"","str":"Mag?"},"geometry":{"type":"Point","coordinates":[35.6896,-52.2836]}},{"type":"Feature","id":"FSR584","properties":{"name":"FSR 584","desig":"","mag":"","dim":"11","type":"GC","sub":"MW","pop":"OH","str":""},"geometry":{"type":"Point","coordinates":[36.8125,61.6244]}},{"type":"Feature","id":"HyiI","properties":{"name":"Hyi I","desig":"","mag":"12.5","dim":"7.4","type":"UFD","sub":"MW","pop":"","str":"Mag"},"geometry":{"type":"Point","coordinates":[37.3892,-79.3089]}},{"type":"Feature","id":"ForI","properties":{"name":"For I","desig":"ESO 356-4","mag":"9.3","dim":"17.0x12.6","type":"dSph","sub":"MW","pop":"","str":"FLS Mag?"},"geometry":{"type":"Point","coordinates":[39.9971,-34.4492]}},{"type":"Feature","id":"HorI","properties":{"name":"Hor I","desig":"","mag":"16.8","dim":"2.6x1.8","type":"GC/UFD","sub":"MW","pop":"","str":"Mag"},"geometry":{"type":"Point","coordinates":[43.8858,-54.1189]}},{"type":"Feature","id":"AndXXXIII","properties":{"name":"And XXXIII","desig":"Perseus I","mag":"14.1","dim":"","type":"dSph","sub":"M31","pop":"","str":""},"geometry":{"type":"Point","coordinates":[45.3483,40.9883]}},{"type":"Feature","id":"NGC1261","properties":{"name":"NGC 1261","desig":"","mag":"8.3","dim":"6.8","type":"GC","sub":"MW","pop":"YH","str":"FLS"},"geometry":{"type":"Point","coordinates":[48.0638,-55.2169]}},{"type":"Feature","id":"HorII","properties":{"name":"Hor II","desig":"","mag":"16.9","dim":"2.1","type":"UFD","sub":"MW","pop":"","str":"Mag?"},"geometry":{"type":"Point","coordinates":[49.1338,-50.0181]}},{"type":"Feature","id":"Palomar1","properties":{"name":"Palomar 1","desig":"","mag":"13.2","dim":"2.8","type":"GC","sub":"MW","pop":"BD","str":"CMa?"},"geometry":{"type":"Point","coordinates":[53.3458,79.5806]}},{"type":"Feature","id":"RetII","properties":{"name":"Ret II","desig":"","mag":"15.4","dim":"7.2x3.0","type":"GC/UFD","sub":"MW","pop":"","str":"Mag?"},"geometry":{"type":"Point","coordinates":[53.9254,-54.0492]}},{"type":"Feature","id":"EriII","properties":{"name":"Eri II","desig":"","mag":"17.0","dim":"3.1x1.9","type":"UFD","sub":"MW","pop":"","str":"Mag?"},"geometry":{"type":"Point","coordinates":[56.0875,-43.5333]}},{"type":"Feature","id":"RetIII","properties":{"name":"Ret III","desig":"","mag":"16.6","dim":"2.4","type":"UFD","sub":"MW","pop":"","str":"Mag??"},"geometry":{"type":"Point","coordinates":[56.3546,-60.45]}},{"type":"Feature","id":"AM1","properties":{"name":"AM 1","desig":"E1","mag":"15.7","dim":"0.5","type":"GC","sub":"MW","pop":"YH","str":"FLS"},"geometry":{"type":"Point","coordinates":[58.7613,-49.6144]}},{"type":"Feature","id":"UGCA86","properties":{"name":"UGCA 86","desig":"","mag":"13.5","dim":"5.0x3.1","type":"Im V-VI:","sub":"LG??","pop":"","str":""},"geometry":{"type":"Point","coordinates":[59.9513,67.1386]}},{"type":"Feature","id":"Eridanus","properties":{"name":"Eridanus","desig":"","mag":"14.7","dim":"1.0","type":"GC","sub":"MW","pop":"YH","str":"FLS"},"geometry":{"type":"Point","coordinates":[66.1854,-21.1869]}},{"type":"Feature","id":"UGCA92","properties":{"name":"UGCA 92","desig":"","mag":"13.8","dim":"2.0x1.0","type":"Im V-VI:","sub":"LG??","pop":"","str":""},"geometry":{"type":"Point","coordinates":[68.0204,63.6136]}},{"type":"Feature","id":"PicI","properties":{"name":"Pic I","desig":"","mag":"17.7","dim":"1.8x1.0","type":"GC/UFD","sub":"MW","pop":"","str":"Mag??"},"geometry":{"type":"Point","coordinates":[70.9475,-50.2831]}},{"type":"Feature","id":"Palomar2","properties":{"name":"Palomar 2","desig":"","mag":"13.0","dim":"2.2","type":"GC","sub":"MW","pop":"YH","str":"Sgr?"},"geometry":{"type":"Point","coordinates":[71.5246,31.3808]}},{"type":"Feature","id":"NGC1818","properties":{"name":"NGC 1818","desig":"","mag":"9.7","dim":"3.4","type":"GC","sub":"MW","pop":"","str":"Mag"},"geometry":{"type":"Point","coordinates":[76.0575,-66.4339]}},{"type":"Feature","id":"NGC1846","properties":{"name":"NGC 1846","desig":"","mag":"11.5","dim":"3.8","type":"GC","sub":"MW","pop":"","str":"Mag"},"geometry":{"type":"Point","coordinates":[76.8954,-67.4592]}},{"type":"Feature","id":"NGC1854","properties":{"name":"NGC 1854","desig":"","mag":"10.4","dim":"2.3","type":"GC","sub":"MW","pop":"","str":"Mag"},"geometry":{"type":"Point","coordinates":[77.3338,-68.8481]}},{"type":"Feature","id":"NGC1851","properties":{"name":"NGC 1851","desig":"","mag":"7.1","dim":"12.0","type":"GC","sub":"MW","pop":"OH","str":"G-E? CMa?"},"geometry":{"type":"Point","coordinates":[78.5263,-40.0472]}},{"type":"Feature","id":"NGC1868","properties":{"name":"NGC 1868","desig":"","mag":"11.6","dim":"3.9","type":"GC","sub":"MW","pop":"","str":"Mag"},"geometry":{"type":"Point","coordinates":[78.65,-63.955]}},{"type":"Feature","id":"LMC","properties":{"name":"LMC","desig":"","mag":"0.9","dim":"645x550","type":"SBm V","sub":"MW","pop":"","str":"Mag"},"geometry":{"type":"Point","coordinates":[80.8938,-69.7561]}},{"type":"Feature","id":"M79","properties":{"name":"M79","desig":"NGC 1904","mag":"7.7","dim":"9.6","type":"GC","sub":"MW","pop":"OH","str":"G-E? CMa?"},"geometry":{"type":"Point","coordinates":[81.0442,-24.5242]}},{"type":"Feature","id":"ColI","properties":{"name":"Col I","desig":"","mag":"16.8","dim":"1.9","type":"UFD","sub":"MW","pop":"","str":""},"geometry":{"type":"Point","coordinates":[82.8588,-28.0297]}},{"type":"Feature","id":"CarI","properties":{"name":"Car I","desig":"","mag":"11.3","dim":"23.4x15.5","type":"dSph","sub":"MW","pop":"","str":"Mag"},"geometry":{"type":"Point","coordinates":[100.4029,-50.9661]}},{"type":"Feature","id":"PicII","properties":{"name":"Pic II","desig":"","mag":"15.1","dim":"7.2","type":"UFD","sub":"MW","pop":"","str":"Mag?"},"geometry":{"type":"Point","coordinates":[101.18,-59.8969]}},{"type":"Feature","id":"GaiaI","properties":{"name":"Gaia I","desig":"","mag":"18.4","dim":"12.0","type":"GC","sub":"MW","pop":"YH","str":""},"geometry":{"type":"Point","coordinates":[101.47,-16.75]}},{"type":"Feature","id":"NGC2298","properties":{"name":"NGC 2298","desig":"","mag":"9.3","dim":"5.0","type":"GC","sub":"MW","pop":"OH","str":"G-E? CMa?"},"geometry":{"type":"Point","coordinates":[102.2467,-36.0053]}},{"type":"Feature","id":"CMaI","properties":{"name":"CMa I","desig":"","mag":"","dim":"720","type":"dIrr","sub":"MW","pop":"","str":"CMa"},"geometry":{"type":"Point","coordinates":[108.1458,-27.6667]}},{"type":"Feature","id":"CarII","properties":{"name":"Car II","desig":"","mag":"13.3","dim":"17.4","type":"UFD","sub":"MW","pop":"","str":"Mag"},"geometry":{"type":"Point","coordinates":[114.1067,-57.9994]}},{"type":"Feature","id":"NGC2419","properties":{"name":"NGC 2419","desig":"","mag":"10.4","dim":"4.6","type":"GC","sub":"MW","pop":"OH","str":"(N)"},"geometry":{"type":"Point","coordinates":[114.5354,38.8819]}},{"type":"Feature","id":"CarIII","properties":{"name":"Car III","desig":"","mag":"14.8","dim":"7.5","type":"GC/UFD","sub":"MW","pop":"","str":"Mag"},"geometry":{"type":"Point","coordinates":[114.63,-57.8997]}},{"type":"Feature","id":"Koposov2","properties":{"name":"Koposov 2","desig":"","mag":"17.6","dim":"1.0","type":"GC","sub":"MW","pop":"YH","str":"Sgr?"},"geometry":{"type":"Point","coordinates":[119.5708,26.255]}},{"type":"Feature","id":"UMaII","properties":{"name":"UMa II","desig":"","mag":"14.3","dim":"30x15","type":"UFD","sub":"MW","pop":"","str":""},"geometry":{"type":"Point","coordinates":[132.875,63.13]}},{"type":"Feature","id":"HyaI","properties":{"name":"Hya I","desig":"","mag":"17.4","dim":"","type":"GC/UFD","sub":"MW","pop":"","str":"CMa?"},"geometry":{"type":"Point","coordinates":[133.865,3.6211]}},{"type":"Feature","id":"Pyxis","properties":{"name":"Pyxis","desig":"","mag":"12.9","dim":"4.0","type":"GC","sub":"MW","pop":"YH","str":""},"geometry":{"type":"Point","coordinates":[136.9908,-37.2214]}},{"type":"Feature","id":"NGC2808","properties":{"name":"NGC 2808","desig":"","mag":"6.2","dim":"14.0","type":"GC","sub":"MW","pop":"OH","str":"CMa G-E (N)"},"geometry":{"type":"Point","coordinates":[138.0108,-64.8631]}},{"type":"Feature","id":"UGC4879","properties":{"name":"UGC 4879","desig":"VV 124","mag":"13.8","dim":"1.7x1.3","type":"IAm","sub":"LG??","pop":"","str":""},"geometry":{"type":"Point","coordinates":[139.0092,52.84]}},{"type":"Feature","id":"E3","properties":{"name":"E 3","desig":"","mag":"11.4","dim":"10.0","type":"GC","sub":"MW","pop":"","str":""},"geometry":{"type":"Point","coordinates":[140.2471,-77.2825]}},{"type":"Feature","id":"LeoT","properties":{"name":"Leo T","desig":"","mag":"16.0","dim":"1.4x1.4","type":"UFD","sub":"MW?","pop":"","str":""},"geometry":{"type":"Point","coordinates":[143.7225,17.0514]}},{"type":"Feature","id":"AntII","properties":{"name":"Ant II","desig":"","mag":"12.0","dim":"150","type":"dSph","sub":"MW","pop":"","str":""},"geometry":{"type":"Point","coordinates":[143.8867,-36.7672]}},{"type":"Feature","id":"AntB","properties":{"name":"Ant B","desig":"","mag":"15.9","dim":"1.4","type":"dSph","sub":"N3109","pop":"","str":""},"geometry":{"type":"Point","coordinates":[147.2338,-25.99]}},{"type":"Feature","id":"LeoA","properties":{"name":"Leo A","desig":"DDO 69","mag":"12.9","dim":"5.1x3.1","type":"IBm V-VI","sub":"LG","pop":"","str":""},"geometry":{"type":"Point","coordinates":[149.86,30.7464]}},{"type":"Feature","id":"SexB","properties":{"name":"Sex B","desig":"DDO 70","mag":"11.9","dim":"5.1x3.5","type":"IBm V-VI","sub":"N3109","pop":"","str":""},"geometry":{"type":"Point","coordinates":[150.0004,5.3322]}},{"type":"Feature","id":"NGC3109","properties":{"name":"NGC 3109","desig":"DDO 236","mag":"10.4","dim":"19.1x3.7","type":"SBm V","sub":"N3109","pop":"","str":""},"geometry":{"type":"Point","coordinates":[150.7788,-26.1594]}},{"type":"Feature","id":"AntA","properties":{"name":"Ant A","desig":"","mag":"16.2","dim":"2.0x1.5","type":"IABm V-VI","sub":"N3109","pop":"","str":""},"geometry":{"type":"Point","coordinates":[151.0171,-27.3311]}},{"type":"Feature","id":"Palomar3","properties":{"name":"Palomar 3","desig":"","mag":"14.3","dim":"1.6","type":"GC","sub":"MW","pop":"YH","str":"FLS"},"geometry":{"type":"Point","coordinates":[151.3808,0.0714]}},{"type":"Feature","id":"SegueI","properties":{"name":"Segue I","desig":"","mag":"14.7","dim":"4.5x3.1","type":"UFD","sub":"MW","pop":"","str":"FLS? Sgr?"},"geometry":{"type":"Point","coordinates":[151.7667,16.0819]}},{"type":"Feature","id":"LeoI","properties":{"name":"Leo I","desig":"DDO 74","mag":"11.2","dim":"9.8x7.4","type":"dSph","sub":"MW","pop":"","str":"FLS"},"geometry":{"type":"Point","coordinates":[152.1171,12.3064]}},{"type":"Feature","id":"SexA","properties":{"name":"Sex A","desig":"DDO 75","mag":"11.9","dim":"5.9x4.9","type":"IBm V-VI","sub":"N3109","pop":"","str":""},"geometry":{"type":"Point","coordinates":[152.7533,-4.6928]}},{"type":"Feature","id":"SexI","properties":{"name":"Sex I","desig":"","mag":"12.0","dim":"30.0x12.0","type":"dSph","sub":"MW","pop":"","str":"FLS"},"geometry":{"type":"Point","coordinates":[153.2621,-1.6147]}},{"type":"Feature","id":"NGC3201","properties":{"name":"NGC 3201","desig":"","mag":"6.8","dim":"20.0","type":"GC","sub":"MW","pop":"YH","str":"(R)"},"geometry":{"type":"Point","coordinates":[154.4033,-46.4111]}},{"type":"Feature","id":"LeoP","properties":{"name":"Leo P","desig":"","mag":"16.9","dim":"","type":"dSph","sub":"LG?","pop":"","str":""},"geometry":{"type":"Point","coordinates":[155.4379,18.0881]}},{"type":"Feature","id":"UMaI","properties":{"name":"UMa I","desig":"","mag":"15.3","dim":"23.0x12.0","type":"UFD","sub":"MW","pop":"","str":""},"geometry":{"type":"Point","coordinates":[158.72,51.92]}},{"type":"Feature","id":"Willman1","properties":{"name":"Willman 1","desig":"","mag":"15.3","dim":"1.75","type":"GC/UFD","sub":"MW","pop":"","str":""},"geometry":{"type":"Point","coordinates":[162.3375,51.05]}},{"type":"Feature","id":"LeoII","properties":{"name":"Leo II","desig":"DDO 93","mag":"12.6","dim":"12.0x11.0","type":"dSph pec","sub":"MW","pop":"","str":"FLS"},"geometry":{"type":"Point","coordinates":[168.37,22.1517]}},{"type":"Feature","id":"Palomar4","properties":{"name":"Palomar 4","desig":"","mag":"17.1","dim":"1.3","type":"GC","sub":"MW","pop":"YH","str":"FLS"},"geometry":{"type":"Point","coordinates":[172.32,28.9736]}},{"type":"Feature","id":"LeoV","properties":{"name":"Leo V","desig":"","mag":"16.9","dim":"0.8","type":"UFD","sub":"MW","pop":"","str":"FLS?"},"geometry":{"type":"Point","coordinates":[172.79,2.22]}},{"type":"Feature","id":"LeoIV","properties":{"name":"Leo IV","desig":"","mag":"15.9","dim":"3.3x2.8","type":"UFD","sub":"MW","pop":"","str":"FLS"},"geometry":{"type":"Point","coordinates":[173.2375,0.5333]}},{"type":"Feature","id":"Laevens1","properties":{"name":"Laevens 1","desig":"Crt I","mag":"17.5","dim":"0.92","type":"GC","sub":"MW","pop":"YH","str":""},"geometry":{"type":"Point","coordinates":[174.0688,-10.8769]}},{"type":"Feature","id":"CrtII","properties":{"name":"Crt II","desig":"","mag":"12.2","dim":"60.0","type":"dSph","sub":"MW","pop":"","str":"FLS"},"geometry":{"type":"Point","coordinates":[177.31,-18.4131]}},{"type":"Feature","id":"Koposov1","properties":{"name":"Koposov 1","desig":"","mag":"14.2","dim":"1.5","type":"GC","sub":"MW","pop":"YH","str":"Sgr?"},"geometry":{"type":"Point","coordinates":[179.8271,12.26]}},{"type":"Feature","id":"VirI","properties":{"name":"Vir I","desig":"","mag":"19.0","dim":"3.5","type":"UFD","sub":"MW","pop":"","str":""},"geometry":{"type":"Point","coordinates":[-179.96,0.68]}},{"type":"Feature","id":"NGC4147","properties":{"name":"NGC 4147","desig":"","mag":"10.3","dim":"4.4","type":"GC","sub":"MW","pop":"YH","str":"Sgr?"},"geometry":{"type":"Point","coordinates":[-177.4742,18.5419]}},{"type":"Feature","id":"HyaII","properties":{"name":"Hya II","desig":"","mag":"15.8","dim":"1.7","type":"UFD","sub":"MW","pop":"","str":"Mag?"},"geometry":{"type":"Point","coordinates":[-174.5746,-31.9853]}},{"type":"Feature","id":"NGC4372","properties":{"name":"NGC 4372","desig":"","mag":"7.2","dim":"5.0","type":"GC","sub":"MW","pop":"OH","str":""},"geometry":{"type":"Point","coordinates":[-173.5608,-72.6592]}},{"type":"Feature","id":"ComI","properties":{"name":"Com I","desig":"","mag":"14.5","dim":"5.0x2.5","type":"UFD","sub":"MW","pop":"","str":"FLS Sgr?"},"geometry":{"type":"Point","coordinates":[-173.3525,23.9042]}},{"type":"Feature","id":"Rup106","properties":{"name":"Rup 106","desig":"","mag":"10.9","dim":"2.0","type":"GC","sub":"MW","pop":"YH","str":"CMa?"},"geometry":{"type":"Point","coordinates":[-170.3325,-51.1503]}},{"type":"Feature","id":"M68","properties":{"name":"M68","desig":"NGC 4590","mag":"7.8","dim":"11.0","type":"GC","sub":"MW","pop":"YH","str":"CMa?"},"geometry":{"type":"Point","coordinates":[-170.1333,-26.7428]}},{"type":"Feature","id":"CVnII","properties":{"name":"CVn II","desig":"","mag":"15.1","dim":"3.0x2.1","type":"UFD","sub":"MW","pop":"","str":"FLS"},"geometry":{"type":"Point","coordinates":[-165.7083,34.3208]}},{"type":"Feature","id":"GR8","properties":{"name":"GR 8","desig":"DDO 155","mag":"14.7","dim":"1.1x1.0","type":"Im V-VI","sub":"LG??","pop":"","str":""},"geometry":{"type":"Point","coordinates":[-165.3317,14.2175]}},{"type":"Feature","id":"NGC4833","properties":{"name":"NGC 4833","desig":"","mag":"6.9","dim":"14.0","type":"GC","sub":"MW","pop":"OH","str":"G-E"},"geometry":{"type":"Point","coordinates":[-165.1042,-70.8747]}},{"type":"Feature","id":"M53","properties":{"name":"M53","desig":"NGC 5024","mag":"7.6","dim":"13.0","type":"GC","sub":"MW","pop":"OH","str":"FLS"},"geometry":{"type":"Point","coordinates":[-161.7696,18.1692]}},{"type":"Feature","id":"NGC5053","properties":{"name":"NGC 5053","desig":"","mag":"9.5","dim":"10.0","type":"GC","sub":"MW","pop":"YH","str":"FLS Sgr?"},"geometry":{"type":"Point","coordinates":[-160.8875,17.6981]}},{"type":"Feature","id":"NGC5139","properties":{"name":"NGC 5139","desig":"Omega Cen","mag":"3.7","dim":"55.0","type":"GC","sub":"MW","pop":"","str":"G-E (N) (R)"},"geometry":{"type":"Point","coordinates":[-158.3087,-47.4769]}},{"type":"Feature","id":"CVnI","properties":{"name":"CVn I","desig":"","mag":"13.9","dim":"8.4x5.0","type":"dSph","sub":"MW","pop":"","str":"FLS"},"geometry":{"type":"Point","coordinates":[-157.9854,33.5558]}},{"type":"Feature","id":"M3","properties":{"name":"M3","desig":"NGC 5272","mag":"6.2","dim":"18.0","type":"GC","sub":"MW","pop":"YH","str":""},"geometry":{"type":"Point","coordinates":[-154.4533,28.3756]}},{"type":"Feature","id":"NGC5286","properties":{"name":"NGC 5286","desig":"","mag":"7.3","dim":"11.0","type":"GC","sub":"MW","pop":"OH","str":"G-E"},"geometry":{"type":"Point","coordinates":[-153.3896,-51.3733]}},{"type":"Feature","id":"AM4","properties":{"name":"AM 4","desig":"","mag":"15.9","dim":"3.0","type":"GC","sub":"MW","pop":"YH","str":"Sgr?"},"geometry":{"type":"Point","coordinates":[-151.0413,-27.1728]}},{"type":"Feature","id":"BoöIII","properties":{"name":"Boö III","desig":"","mag":"12.6","dim":"1.5x0.8","type":"UFD","sub":"MW","pop":"","str":""},"geometry":{"type":"Point","coordinates":[-150.75,26.8]}},{"type":"Feature","id":"BoöII","properties":{"name":"Boö II","desig":"","mag":"15.8","dim":"4.0","type":"UFD","sub":"MW","pop":"","str":"Sgr?"},"geometry":{"type":"Point","coordinates":[-150.5,12.85]}},{"type":"Feature","id":"BoöI","properties":{"name":"Boö I","desig":"","mag":"13.6","dim":"13.0x8.7","type":"UFD","sub":"MW","pop":"","str":""},"geometry":{"type":"Point","coordinates":[-149.975,14.5]}},{"type":"Feature","id":"NGC5466","properties":{"name":"NGC 5466","desig":"","mag":"9.0","dim":"9.0","type":"GC","sub":"MW","pop":"YH","str":"(R)"},"geometry":{"type":"Point","coordinates":[-148.6362,28.5344]}},{"type":"Feature","id":"NGC5634","properties":{"name":"NGC 5634","desig":"","mag":"9.5","dim":"5.5","type":"GC","sub":"MW","pop":"OH","str":"Sgr"},"geometry":{"type":"Point","coordinates":[-142.5946,-5.9764]}},{"type":"Feature","id":"NGC5694","properties":{"name":"NGC 5694","desig":"","mag":"10.2","dim":"4.3","type":"GC","sub":"MW","pop":"OH","str":""},"geometry":{"type":"Point","coordinates":[-140.0979,-26.5383]}},{"type":"Feature","id":"IC4499","properties":{"name":"IC 4499","desig":"","mag":"9.8","dim":"8.0","type":"GC","sub":"MW","pop":"YH","str":""},"geometry":{"type":"Point","coordinates":[-134.9229,-82.2136]}},{"type":"Feature","id":"Muñoz1","properties":{"name":"Muñoz 1","desig":"","mag":"","dim":"3.6","type":"GC","sub":"MW","pop":"","str":""},"geometry":{"type":"Point","coordinates":[-134.55,66.9686]}},{"type":"Feature","id":"NGC5824","properties":{"name":"NGC 5824","desig":"","mag":"9.1","dim":"7.4","type":"GC","sub":"MW","pop":"OH","str":""},"geometry":{"type":"Point","coordinates":[-134.0062,-33.0678]}},{"type":"Feature","id":"UMiI","properties":{"name":"UMi I","desig":"DDO 199","mag":"11.9","dim":"30.2x19.1","type":"dSph","sub":"MW","pop":"","str":"Mag"},"geometry":{"type":"Point","coordinates":[-132.7146,67.2225]}},{"type":"Feature","id":"Palomar5","properties":{"name":"Palomar 5","desig":"","mag":"11.8","dim":"8.0","type":"GC","sub":"MW","pop":"YH","str":""},"geometry":{"type":"Point","coordinates":[-130.9779,0.1114]}},{"type":"Feature","id":"NGC5897","properties":{"name":"NGC 5897","desig":"","mag":"8.5","dim":"11.0","type":"GC","sub":"MW","pop":"OH","str":""},"geometry":{"type":"Point","coordinates":[-130.6479,-21.0103]}},{"type":"Feature","id":"M5","properties":{"name":"M5","desig":"NGC 5904","mag":"5.7","dim":"3.0","type":"GC","sub":"MW","pop":"OH","str":""},"geometry":{"type":"Point","coordinates":[-130.3592,2.0828]}},{"type":"Feature","id":"NGC5927","properties":{"name":"NGC 5927","desig":"","mag":"8.0","dim":"6.0","type":"GC","sub":"MW","pop":"BD","str":""},"geometry":{"type":"Point","coordinates":[-127.9979,-50.6728]}},{"type":"Feature","id":"NGC5946","properties":{"name":"NGC 5946","desig":"","mag":"9.6","dim":"3.0","type":"GC","sub":"MW","pop":"OH","str":""},"geometry":{"type":"Point","coordinates":[-126.1312,-50.6594]}},{"type":"Feature","id":"BH176","properties":{"name":"BH 176","desig":"","mag":"14.0","dim":"3.0","type":"GC","sub":"MW","pop":"BD","str":""},"geometry":{"type":"Point","coordinates":[-125.2196,-50.0506]}},{"type":"Feature","id":"NGC5986","properties":{"name":"NGC 5986","desig":"","mag":"7.5","dim":"9.6","type":"GC","sub":"MW","pop":"OH","str":""},"geometry":{"type":"Point","coordinates":[-123.4854,-37.7861]}},{"type":"Feature","id":"DraII","properties":{"name":"Dra II","desig":"Laevens 4","mag":"14.0","dim":"2.7","type":"GC/UFD","sub":"MW","pop":"","str":""},"geometry":{"type":"Point","coordinates":[-121.8017,64.5653]}},{"type":"Feature","id":"FSR1716","properties":{"name":"FSR 1716","desig":"VVV-CL005","mag":"13.4","dim":"3","type":"GC","sub":"MW","pop":"OH","str":""},"geometry":{"type":"Point","coordinates":[-117.375,-53.7489]}},{"type":"Feature","id":"Lynga7","properties":{"name":"Lynga 7","desig":"BH 184","mag":"7.8","dim":"2.5","type":"GC","sub":"MW","pop":"BD","str":""},"geometry":{"type":"Point","coordinates":[-117.2375,-55.3144]}},{"type":"Feature","id":"Palomar14","properties":{"name":"Palomar 14","desig":"AvdB","mag":"14.7","dim":"2.2","type":"GC","sub":"MW","pop":"YH","str":"FLS"},"geometry":{"type":"Point","coordinates":[-117.2296,14.9581]}},{"type":"Feature","id":"M80","properties":{"name":"M80","desig":"NGC 6093","mag":"7.3","dim":"10.0","type":"GC","sub":"MW","pop":"OH","str":""},"geometry":{"type":"Point","coordinates":[-115.7396,-22.975]}},{"type":"Feature","id":"RLGC1","properties":{"name":"RLGC 1","desig":"","mag":"10.3","dim":"1.1","type":"GC","sub":"MW","pop":"OH","str":""},"geometry":{"type":"Point","coordinates":[-115.715,-44.5942]}},{"type":"Feature","id":"M4","properties":{"name":"M4","desig":"NGC 6121","mag":"5.6","dim":"36.0","type":"GC","sub":"MW","pop":"OH","str":"(R)"},"geometry":{"type":"Point","coordinates":[-114.1021,-26.5253]}},{"type":"Feature","id":"NGC6101","properties":{"name":"NGC 6101","desig":"","mag":"9.2","dim":"5.0","type":"GC","sub":"MW","pop":"OH","str":""},"geometry":{"type":"Point","coordinates":[-113.5475,-72.2017]}},{"type":"Feature","id":"NGC6144","properties":{"name":"NGC 6144","desig":"","mag":"9.0","dim":"7.4","type":"GC","sub":"MW","pop":"OH","str":"(R)"},"geometry":{"type":"Point","coordinates":[-113.1913,-26.0247]}},{"type":"Feature","id":"NGC6139","properties":{"name":"NGC 6139","desig":"","mag":"9.0","dim":"8.2","type":"GC","sub":"MW","pop":"OH","str":""},"geometry":{"type":"Point","coordinates":[-113.0817,-38.8489]}},{"type":"Feature","id":"Terzan3","properties":{"name":"Terzan 3","desig":"","mag":"12.0","dim":"3.0","type":"GC","sub":"MW","pop":"BD","str":""},"geometry":{"type":"Point","coordinates":[-112.8329,-35.3536]}},{"type":"Feature","id":"HerI","properties":{"name":"Her I","desig":"","mag":"14.7","dim":"8.0x4.0","type":"UFD","sub":"MW","pop":"","str":""},"geometry":{"type":"Point","coordinates":[-112.2417,12.7917]}},{"type":"Feature","id":"M107","properties":{"name":"M107","desig":"NGC 6171","mag":"7.9","dim":"13.0","type":"GC","sub":"MW","pop":"OH","str":""},"geometry":{"type":"Point","coordinates":[-111.8671,-13.0536]}},{"type":"Feature","id":"ESO452-SC11","properties":{"name":"ESO452-SC11","desig":"1636-283","mag":"12.0","dim":"1.2","type":"GC","sub":"MW","pop":"YH","str":""},"geometry":{"type":"Point","coordinates":[-110.1437,-28.3978]}},{"type":"Feature","id":"M13","properties":{"name":"M13","desig":"NGC 6205","mag":"5.8","dim":"20.0","type":"GC","sub":"MW","pop":"OH","str":"G-E (R)"},"geometry":{"type":"Point","coordinates":[-109.5771,36.4603]}},{"type":"Feature","id":"NGC6229","properties":{"name":"NGC 6229","desig":"","mag":"9.4","dim":"4.5","type":"GC","sub":"MW","pop":"YH","str":""},"geometry":{"type":"Point","coordinates":[-108.2546,47.5278]}},{"type":"Feature","id":"M12","properties":{"name":"M12","desig":"NGC 6218","mag":"6.7","dim":"16.0","type":"GC","sub":"MW","pop":"OH","str":""},"geometry":{"type":"Point","coordinates":[-108.1896,-1.9478]}},{"type":"Feature","id":"FSR1735","properties":{"name":"FSR 1735","desig":"","mag":"12.9","dim":"0.8","type":"GC","sub":"MW","pop":"","str":""},"geometry":{"type":"Point","coordinates":[-106.9558,-47.0581]}},{"type":"Feature","id":"NGC6235","properties":{"name":"NGC 6235","desig":"","mag":"10.0","dim":"5.0","type":"GC","sub":"MW","pop":"OH","str":""},"geometry":{"type":"Point","coordinates":[-106.6442,-22.1772]}},{"type":"Feature","id":"M10","properties":{"name":"M10","desig":"NGC 6254","mag":"6.6","dim":"20.0","type":"GC","sub":"MW","pop":"OH","str":""},"geometry":{"type":"Point","coordinates":[-105.7129,-4.0994]}},{"type":"Feature","id":"NGC6256","properties":{"name":"NGC 6256","desig":"","mag":"11.3","dim":"4.1","type":"GC","sub":"MW","pop":"BD","str":""},"geometry":{"type":"Point","coordinates":[-105.1142,-37.1214]}},{"type":"Feature","id":"Palomar15","properties":{"name":"Palomar 15","desig":"","mag":"14.0","dim":"3.0","type":"GC","sub":"MW","pop":"OH","str":"FLS"},"geometry":{"type":"Point","coordinates":[-104.99,0.5419]}},{"type":"Feature","id":"M62","properties":{"name":"M62","desig":"NGC 6266","mag":"6.5","dim":"15.0","type":"GC","sub":"MW","pop":"OH","str":""},"geometry":{"type":"Point","coordinates":[-104.6967,-30.1136]}},{"type":"Feature","id":"M19","properties":{"name":"M19","desig":"NGC 6273","mag":"6.8","dim":"17.0","type":"GC","sub":"MW","pop":"OH","str":""},"geometry":{"type":"Point","coordinates":[-104.3425,-26.2681]}},{"type":"Feature","id":"NGC6284","properties":{"name":"NGC 6284","desig":"","mag":"8.8","dim":"6.2","type":"GC","sub":"MW","pop":"OH","str":""},"geometry":{"type":"Point","coordinates":[-103.88,-24.7647]}},{"type":"Feature","id":"NGC6287","properties":{"name":"NGC 6287","desig":"","mag":"9.4","dim":"4.8","type":"GC","sub":"MW","pop":"OH","str":""},"geometry":{"type":"Point","coordinates":[-103.7108,-22.7081]}},{"type":"Feature","id":"NGC6293","properties":{"name":"NGC 6293","desig":"","mag":"8.2","dim":"8.2","type":"GC","sub":"MW","pop":"OH","str":""},"geometry":{"type":"Point","coordinates":[-102.4575,-26.5819]}},{"type":"Feature","id":"NGC6304","properties":{"name":"NGC 6304","desig":"","mag":"8.2","dim":"8.0","type":"GC","sub":"MW","pop":"BD","str":""},"geometry":{"type":"Point","coordinates":[-101.3662,-29.4622]}},{"type":"Feature","id":"NGC6316","properties":{"name":"NGC 6316","desig":"","mag":"8.4","dim":"54","type":"GC","sub":"MW","pop":"BD","str":"(R)"},"geometry":{"type":"Point","coordinates":[-100.8446,-28.14]}},{"type":"Feature","id":"M92","properties":{"name":"M92","desig":"NGC 6341","mag":"6.4","dim":"14.0","type":"GC","sub":"MW","pop":"OH","str":"G-E"},"geometry":{"type":"Point","coordinates":[-100.7196,43.1364]}},{"type":"Feature","id":"NGC6325","properties":{"name":"NGC 6325","desig":"","mag":"10.3","dim":"4.1","type":"GC","sub":"MW","pop":"OH","str":""},"geometry":{"type":"Point","coordinates":[-100.5033,-23.7658]}},{"type":"Feature","id":"M9","properties":{"name":"M9","desig":"NGC 6333","mag":"7.7","dim":"12.0","type":"GC","sub":"MW","pop":"OH","str":""},"geometry":{"type":"Point","coordinates":[-100.2008,-18.5164]}},{"type":"Feature","id":"DraI","properties":{"name":"Dra I","desig":"DDO 208","mag":"10.9","dim":"35.5x24.5","type":"dSph pec","sub":"MW","pop":"","str":"Mag"},"geometry":{"type":"Point","coordinates":[-99.9483,57.9153]}},{"type":"Feature","id":"NGC6342","properties":{"name":"NGC 6342","desig":"","mag":"9.7","dim":"4.4","type":"GC","sub":"MW","pop":"BD","str":""},"geometry":{"type":"Point","coordinates":[-99.7075,-19.5872]}},{"type":"Feature","id":"NGC6356","properties":{"name":"NGC 6356","desig":"","mag":"8.3","dim":"10.0","type":"GC","sub":"MW","pop":"BD","str":""},"geometry":{"type":"Point","coordinates":[-99.1042,-17.8131]}},{"type":"Feature","id":"NGC6355","properties":{"name":"NGC 6355","desig":"","mag":"9.1","dim":"4.2","type":"GC","sub":"MW","pop":"OH","str":""},"geometry":{"type":"Point","coordinates":[-99.0058,-26.3536]}},{"type":"Feature","id":"NGC6352","properties":{"name":"NGC 6352","desig":"","mag":"8.0","dim":"9.0","type":"GC","sub":"MW","pop":"BD","str":""},"geometry":{"type":"Point","coordinates":[-98.6283,-48.4228]}},{"type":"Feature","id":"IC1257","properties":{"name":"IC 1257","desig":"","mag":"13.1","dim":"5.0","type":"GC","sub":"MW","pop":"OH","str":""},"geometry":{"type":"Point","coordinates":[-98.0063,-7.0931]}},{"type":"Feature","id":"Terzan2","properties":{"name":"Terzan 2","desig":"HP 3","mag":"14.3","dim":"0.6","type":"GC","sub":"MW","pop":"BD","str":""},"geometry":{"type":"Point","coordinates":[-98.1121,-30.8022]}},{"type":"Feature","id":"NGC6366","properties":{"name":"NGC 6366","desig":"","mag":"9.2","dim":"13.0","type":"GC","sub":"MW","pop":"OH","str":""},"geometry":{"type":"Point","coordinates":[-98.0654,-5.0767]}},{"type":"Feature","id":"Terzan4","properties":{"name":"Terzan 4","desig":"HP 4","mag":"16.0","dim":"0.7","type":"GC","sub":"MW","pop":"OH","str":""},"geometry":{"type":"Point","coordinates":[-97.3375,-31.5956]}},{"type":"Feature","id":"HP1","properties":{"name":"HP 1","desig":"BH 229","mag":"11.6","dim":"1.2","type":"GC","sub":"MW","pop":"OH","str":""},"geometry":{"type":"Point","coordinates":[-97.2283,-29.9817]}},{"type":"Feature","id":"FSR1758","properties":{"name":"FSR 1758","desig":"","mag":"","dim":"1.6","type":"GC/UFD","sub":"MW","pop":"BD","str":"(N)?"},"geometry":{"type":"Point","coordinates":[-97.2,-39.8083]}},{"type":"Feature","id":"NGC6362","properties":{"name":"NGC 6362","desig":"","mag":"7.7","dim":"15.0","type":"GC","sub":"MW","pop":"OH","str":""},"geometry":{"type":"Point","coordinates":[-97.0217,-67.0481]}},{"type":"Feature","id":"Liller1","properties":{"name":"Liller 1","desig":"","mag":"16.8","dim":"12.5","type":"GC","sub":"MW","pop":"BD","str":""},"geometry":{"type":"Point","coordinates":[-96.6479,-33.3889]}},{"type":"Feature","id":"NGC6380","properties":{"name":"NGC 6380","desig":"Ton 1","mag":"11.3","dim":"3.6","type":"GC","sub":"MW","pop":"BD","str":""},"geometry":{"type":"Point","coordinates":[-96.3833,-39.0692]}},{"type":"Feature","id":"FSR1767","properties":{"name":"FSR 1767","desig":"","mag":"","dim":"","type":"GC","sub":"MW","pop":"","str":""},"geometry":{"type":"Point","coordinates":[-96.0708,-36.3578]}},{"type":"Feature","id":"Terzan1","properties":{"name":"Terzan 1","desig":"HP 2","mag":"15.9","dim":"2.4","type":"GC","sub":"MW","pop":"YH","str":""},"geometry":{"type":"Point","coordinates":[-96.0533,-30.4817]}},{"type":"Feature","id":"Ton2","properties":{"name":"Ton 2","desig":"Pismis 26","mag":"12.2","dim":"2.2","type":"GC","sub":"MW","pop":"BD","str":""},"geometry":{"type":"Point","coordinates":[-95.9562,-38.5533]}},{"type":"Feature","id":"NGC6388","properties":{"name":"NGC 6388","desig":"","mag":"6.7","dim":"10.4","type":"GC","sub":"MW","pop":"BD","str":""},"geometry":{"type":"Point","coordinates":[-95.9292,-44.735]}},{"type":"Feature","id":"Camargo1107","properties":{"name":"Camargo 1107","desig":"","mag":"","dim":"10.0","type":"GC","sub":"MW","pop":"OH","str":""},"geometry":{"type":"Point","coordinates":[-95.7575,-30.1472]}},{"type":"Feature","id":"M14","properties":{"name":"M14","desig":"NGC 6402","mag":"7.6","dim":"11.0","type":"GC","sub":"MW","pop":"OH","str":""},"geometry":{"type":"Point","coordinates":[-95.5996,-3.2458]}},{"type":"Feature","id":"NGC6401","properties":{"name":"NGC 6401","desig":"","mag":"9.5","dim":"4.8","type":"GC","sub":"MW","pop":"OH","str":""},"geometry":{"type":"Point","coordinates":[-95.3475,-23.9094]}},{"type":"Feature","id":"NGC6397","properties":{"name":"NGC 6397","desig":"","mag":"5.7","dim":"31.0","type":"GC","sub":"MW","pop":"OH","str":""},"geometry":{"type":"Point","coordinates":[-94.8279,-53.6736]}},{"type":"Feature","id":"VVVCL002","properties":{"name":"VVV CL002","desig":"","mag":"","dim":"1.7","type":"GC","sub":"MW","pop":"","str":""},"geometry":{"type":"Point","coordinates":[-94.7237,-28.845]}},{"type":"Feature","id":"Palomar6","properties":{"name":"Palomar 6","desig":"","mag":"11.6","dim":"1.2","type":"GC","sub":"MW","pop":"YH","str":""},"geometry":{"type":"Point","coordinates":[-94.0742,-26.2225]}},{"type":"Feature","id":"VVVCL143","properties":{"name":"VVV CL143","desig":"","mag":"","dim":"0.8","type":"GC","sub":"MW","pop":"BD","str":""},"geometry":{"type":"Point","coordinates":[-93.85,-33.7383]}},{"type":"Feature","id":"NGC6426","properties":{"name":"NGC 6426","desig":"","mag":"11.0","dim":"4.2","type":"GC","sub":"MW","pop":"YH","str":"FLS"},"geometry":{"type":"Point","coordinates":[-93.7721,3.1703]}},{"type":"Feature","id":"MilkyWay","properties":{"name":"Milky Way","desig":"Gal.Cntr.","mag":"","dim":"","type":"SABbc I-II","sub":"MW","pop":"","str":""},"geometry":{"type":"Point","coordinates":[-93.5838,-29.0078]}},{"type":"Feature","id":"Camargo1108","properties":{"name":"Camargo 1108","desig":"","mag":"","dim":"8.0","type":"GC","sub":"MW","pop":"OH","str":""},"geometry":{"type":"Point","coordinates":[-93.4825,-30.8647]}},{"type":"Feature","id":"Camargo1109","properties":{"name":"Camargo 1109","desig":"","mag":"","dim":"7.0","type":"GC","sub":"MW","pop":"OH","str":""},"geometry":{"type":"Point","coordinates":[-93.1392,-26.6478]}},{"type":"Feature","id":"Djorg1","properties":{"name":"Djorg 1","desig":"","mag":"13.6","dim":"10.0","type":"GC","sub":"MW","pop":"","str":""},"geometry":{"type":"Point","coordinates":[-93.1321,-33.0656]}},{"type":"Feature","id":"Terzan5","properties":{"name":"Terzan 5","desig":"Terzan 11","mag":"13.9","dim":"2.4","type":"GC","sub":"MW","pop":"BD","str":"(N)"},"geometry":{"type":"Point","coordinates":[-92.9796,-24.7792]}},{"type":"Feature","id":"NGC6440","properties":{"name":"NGC 6440","desig":"","mag":"9.2","dim":"4.4","type":"GC","sub":"MW","pop":"BD","str":""},"geometry":{"type":"Point","coordinates":[-92.7804,-20.3603]}},{"type":"Feature","id":"NGC6441","properties":{"name":"NGC 6441","desig":"","mag":"7.2","dim":"9.6","type":"GC","sub":"MW","pop":"BD","str":""},"geometry":{"type":"Point","coordinates":[-92.4462,-37.0514]}},{"type":"Feature","id":"VVVCL150","properties":{"name":"VVV CL150","desig":"","mag":"","dim":"0.4","type":"GC","sub":"MW","pop":"BD","str":""},"geometry":{"type":"Point","coordinates":[-92.3292,-25.2183]}},{"type":"Feature","id":"Terzan6","properties":{"name":"Terzan 6","desig":"HP 5","mag":"13.9","dim":"1.4","type":"GC","sub":"MW","pop":"BD","str":""},"geometry":{"type":"Point","coordinates":[-92.3067,-31.2753]}},{"type":"Feature","id":"NGC6453","properties":{"name":"NGC 6453","desig":"","mag":"10.1","dim":"7.6","type":"GC","sub":"MW","pop":"OH","str":""},"geometry":{"type":"Point","coordinates":[-92.2846,-34.5992]}},{"type":"Feature","id":"UKS1","properties":{"name":"UKS 1","desig":"","mag":"17.3","dim":"2.0","type":"GC","sub":"MW","pop":"BD","str":""},"geometry":{"type":"Point","coordinates":[-91.3867,-24.1453]}},{"type":"Feature","id":"VVVCL001","properties":{"name":"VVV CL001","desig":"","mag":"","dim":"","type":"GC","sub":"MW","pop":"BD","str":""},"geometry":{"type":"Point","coordinates":[-91.3229,-24.0147]}},{"type":"Feature","id":"Pfleiderer2","properties":{"name":"Pfleiderer 2","desig":"","mag":"16.3","dim":"2.5","type":"GC","sub":"MW","pop":"BD","str":""},"geometry":{"type":"Point","coordinates":[-90.3333,-5.075]}},{"type":"Feature","id":"NGC6496","properties":{"name":"NGC 6496","desig":"","mag":"8.5","dim":"5.6","type":"GC","sub":"MW","pop":"BD","str":""},"geometry":{"type":"Point","coordinates":[-90.2417,-44.265]}},{"type":"Feature","id":"Terzan9","properties":{"name":"Terzan 9","desig":"","mag":"16.0","dim":"0.2","type":"GC","sub":"MW","pop":"YH","str":""},"geometry":{"type":"Point","coordinates":[-89.5883,-26.8397]}},{"type":"Feature","id":"Djorg2","properties":{"name":"Djorg 2","desig":"ESO456-SC38","mag":"9.9","dim":"9.9","type":"GC","sub":"MW","pop":"BD","str":""},"geometry":{"type":"Point","coordinates":[-89.5454,-27.8258]}},{"type":"Feature","id":"NGC6517","properties":{"name":"NGC 6517","desig":"","mag":"10.2","dim":"4.0","type":"GC","sub":"MW","pop":"OH","str":""},"geometry":{"type":"Point","coordinates":[-89.5392,-8.9589]}},{"type":"Feature","id":"Terzan10","properties":{"name":"Terzan 10","desig":"","mag":"14.9","dim":"1.5","type":"GC","sub":"MW","pop":"BD","str":""},"geometry":{"type":"Point","coordinates":[-89.2608,-26.0667]}},{"type":"Feature","id":"NGC6522","properties":{"name":"NGC 6522","desig":"","mag":"8.3","dim":"9.4","type":"GC","sub":"MW","pop":"OH","str":""},"geometry":{"type":"Point","coordinates":[-89.1079,-30.0339]}},{"type":"Feature","id":"NGC6535","properties":{"name":"NGC 6535","desig":"","mag":"10.5","dim":"3.4","type":"GC","sub":"MW","pop":"OH","str":""},"geometry":{"type":"Point","coordinates":[-89.0388,0.2969]}},{"type":"Feature","id":"NGC6528","properties":{"name":"NGC 6528","desig":"","mag":"9.6","dim":"5.0","type":"GC","sub":"MW","pop":"BD","str":""},"geometry":{"type":"Point","coordinates":[-88.7933,-30.0558]}},{"type":"Feature","id":"NGC6539","properties":{"name":"NGC 6539","desig":"","mag":"9.3","dim":"7.9","type":"GC","sub":"MW","pop":"BD","str":""},"geometry":{"type":"Point","coordinates":[-88.7925,-7.5858]}},{"type":"Feature","id":"NGC6540","properties":{"name":"NGC 6540","desig":"Djorg 3","mag":"9.3","dim":"1.5","type":"GC","sub":"MW","pop":"OH","str":""},"geometry":{"type":"Point","coordinates":[-88.4642,-27.7653]}},{"type":"Feature","id":"NGC6544","properties":{"name":"NGC 6544","desig":"","mag":"7.8","dim":"9.2","type":"GC","sub":"MW","pop":"OH","str":""},"geometry":{"type":"Point","coordinates":[-88.1642,-24.9975]}},{"type":"Feature","id":"NGC6541","properties":{"name":"NGC 6541","desig":"","mag":"6.3","dim":"15.0","type":"GC","sub":"MW","pop":"OH","str":""},"geometry":{"type":"Point","coordinates":[-87.9908,-43.5]}},{"type":"Feature","id":"2MASS-GC01","properties":{"name":"2MASS-GC01","desig":"Hurt 1","mag":"27.7","dim":"3.3","type":"GC","sub":"MW","pop":"","str":""},"geometry":{"type":"Point","coordinates":[-87.9092,-19.8297]}},{"type":"Feature","id":"ESO280-SC06","properties":{"name":"ESO280-SC06","desig":"","mag":"12.7","dim":"1.5","type":"GC","sub":"MW","pop":"","str":""},"geometry":{"type":"Point","coordinates":[-87.725,-46.4231]}},{"type":"Feature","id":"NGC6553","properties":{"name":"NGC 6553","desig":"","mag":"8.1","dim":"9.2","type":"GC","sub":"MW","pop":"BD","str":""},"geometry":{"type":"Point","coordinates":[-87.6767,-25.9086]}},{"type":"Feature","id":"2MASS-GC02","properties":{"name":"2MASS-GC02","desig":"Hurt 2","mag":"24.6","dim":"1.9","type":"GC","sub":"MW","pop":"","str":""},"geometry":{"type":"Point","coordinates":[-87.5979,-20.7789]}},{"type":"Feature","id":"NGC6558","properties":{"name":"NGC 6558","desig":"","mag":"9.3","dim":"4.2","type":"GC","sub":"MW","pop":"OH","str":""},"geometry":{"type":"Point","coordinates":[-87.4267,-31.7639]}},{"type":"Feature","id":"IC1276","properties":{"name":"IC 1276","desig":"Palomar 7","mag":"10.3","dim":"8.0","type":"GC","sub":"MW","pop":"BD","str":""},"geometry":{"type":"Point","coordinates":[-87.3158,-7.2075]}},{"type":"Feature","id":"Terzan12","properties":{"name":"Terzan 12","desig":"","mag":"15.6","dim":"1.0","type":"GC","sub":"MW","pop":"BD","str":""},"geometry":{"type":"Point","coordinates":[-86.9342,-22.7419]}},{"type":"Feature","id":"NGC6569","properties":{"name":"NGC 6569","desig":"","mag":"8.6","dim":"6.4","type":"GC","sub":"MW","pop":"OH","str":""},"geometry":{"type":"Point","coordinates":[-86.5883,-31.8269]}},{"type":"Feature","id":"BH261","properties":{"name":"BH 261","desig":"AL 3","mag":"9.9","dim":"1.3","type":"GC","sub":"MW","pop":"","str":""},"geometry":{"type":"Point","coordinates":[-86.4762,-28.6356]}},{"type":"Feature","id":"Mercer3","properties":{"name":"Mercer 3","desig":"GLIMPSE-C02","mag":"","dim":"","type":"GC","sub":"MW","pop":"","str":""},"geometry":{"type":"Point","coordinates":[-85.3729,-16.9772]}},{"type":"Feature","id":"NGC6584","properties":{"name":"NGC 6584","desig":"","mag":"8.3","dim":"6.6","type":"GC","sub":"MW","pop":"YH","str":""},"geometry":{"type":"Point","coordinates":[-85.3429,-52.215]}},{"type":"Feature","id":"Mercer5","properties":{"name":"Mercer 5","desig":"","mag":"","dim":"1.2","type":"GC","sub":"MW","pop":"BD","str":""},"geometry":{"type":"Point","coordinates":[-84.1708,-13.6672]}},{"type":"Feature","id":"NGC6624","properties":{"name":"NGC 6624","desig":"","mag":"7.9","dim":"8.8","type":"GC","sub":"MW","pop":"BD","str":""},"geometry":{"type":"Point","coordinates":[-84.0812,-30.3611]}},{"type":"Feature","id":"M28","properties":{"name":"M28","desig":"NGC 6626","mag":"6.8","dim":"11.2","type":"GC","sub":"MW","pop":"OH","str":""},"geometry":{"type":"Point","coordinates":[-83.8629,-24.87]}},{"type":"Feature","id":"NGC6638","properties":{"name":"NGC 6638","desig":"","mag":"9.0","dim":"7.3","type":"GC","sub":"MW","pop":"OH","str":""},"geometry":{"type":"Point","coordinates":[-82.2663,-25.4975]}},{"type":"Feature","id":"M69","properties":{"name":"M69","desig":"NGC 6637","mag":"7.6","dim":"9.8","type":"GC","sub":"W    B","pop":"D","str":""},"geometry":{"type":"Point","coordinates":[-82.1533,-32.3481]}},{"type":"Feature","id":"NGC6642","properties":{"name":"NGC 6642","desig":"","mag":"9.1","dim":"5.8","type":"GC","sub":"MW","pop":"YH","str":""},"geometry":{"type":"Point","coordinates":[-82.0246,-23.4753]}},{"type":"Feature","id":"NGC6652","properties":{"name":"NGC 6652","desig":"","mag":"8.6","dim":"6.0","type":"GC","sub":"MW","pop":"OH","str":""},"geometry":{"type":"Point","coordinates":[-81.0596,-32.9903]}},{"type":"Feature","id":"M22","properties":{"name":"M22","desig":"NGC 6656","mag":"5.1","dim":"32.0","type":"GC","sub":"MW","pop":"OH","str":""},"geometry":{"type":"Point","coordinates":[-80.8992,-23.9033]}},{"type":"Feature","id":"Palomar8","properties":{"name":"Palomar 8","desig":"","mag":"11.0","dim":"5.2","type":"GC","sub":"MW","pop":"BD","str":""},"geometry":{"type":"Point","coordinates":[-79.6254,-19.8258]}},{"type":"Feature","id":"M70","properties":{"name":"M70","desig":"NGC 6681","mag":"7.9","dim":"8.0","type":"GC","sub":"MW","pop":"OH","str":""},"geometry":{"type":"Point","coordinates":[-79.1971,-32.2919]}},{"type":"Feature","id":"RLGC2","properties":{"name":"RLGC 2","desig":"","mag":"10.0","dim":"0.9","type":"GC","sub":"MW","pop":"OH","str":""},"geometry":{"type":"Point","coordinates":[-78.6325,-5.1925]}},{"type":"Feature","id":"GLIMPSE-C01","properties":{"name":"GLIMPSE-C01","desig":"","mag":"22.2","dim":"4.5","type":"GC","sub":"MW","pop":"","str":""},"geometry":{"type":"Point","coordinates":[-77.7929,-1.4972]}},{"type":"Feature","id":"NGC6712","properties":{"name":"NGC 6712","desig":"","mag":"8.1","dim":"9.8","type":"GC","sub":"MW","pop":"OH","str":"(R)"},"geometry":{"type":"Point","coordinates":[-76.7321,-8.7061]}},{"type":"Feature","id":"M54","properties":{"name":"M54","desig":"NGC 6715","mag":"7.6","dim":"12.0","type":"GC","sub":"MW","pop":"YH","str":"Sgr (N)"},"geometry":{"type":"Point","coordinates":[-76.2363,-30.4783]}},{"type":"Feature","id":"NGC6717","properties":{"name":"NGC 6717","desig":"Palomar 9","mag":"9.3","dim":"5.4","type":"GC","sub":"MW","pop":"OH","str":""},"geometry":{"type":"Point","coordinates":[-76.2242,-22.7008]}},{"type":"Feature","id":"SgrI","properties":{"name":"Sgr I","desig":"SagDEG","mag":"4.5","dim":"450x216","type":"dSph(t)","sub":"MW","pop":"","str":"Sgr"},"geometry":{"type":"Point","coordinates":[-76.1687,-30.5453]}},{"type":"Feature","id":"NGC6723","properties":{"name":"NGC 6723","desig":"","mag":"7.0","dim":"13.0","type":"GC","sub":"MW","pop":"OH","str":""},"geometry":{"type":"Point","coordinates":[-75.1117,-36.6317]}},{"type":"Feature","id":"NGC6749","properties":{"name":"NGC 6749","desig":"","mag":"12.4","dim":"4.0","type":"GC","sub":"MW","pop":"OH","str":""},"geometry":{"type":"Point","coordinates":[-73.6863,1.9008]}},{"type":"Feature","id":"NGC6752","properties":{"name":"NGC 6752","desig":"","mag":"5.4","dim":"29.0","type":"GC","sub":"MW","pop":"OH","str":""},"geometry":{"type":"Point","coordinates":[-72.2833,-59.9847]}},{"type":"Feature","id":"NGC6760","properties":{"name":"NGC 6760","desig":"","mag":"8.9","dim":"9.6","type":"GC","sub":"MW","pop":"BD","str":""},"geometry":{"type":"Point","coordinates":[-72.1996,1.0306]}},{"type":"Feature","id":"M56","properties":{"name":"M56","desig":"NGC 6779","mag":"8.3","dim":"8.8","type":"GC","sub":"MW","pop":"OH","str":"G-E (R)"},"geometry":{"type":"Point","coordinates":[-70.8521,30.1847]}},{"type":"Feature","id":"Terzan7","properties":{"name":"Terzan 7","desig":"","mag":"12.0","dim":"1.2","type":"GC","sub":"MW","pop":"YH","str":"Sgr"},"geometry":{"type":"Point","coordinates":[-70.5679,-34.6575]}},{"type":"Feature","id":"Palomar10","properties":{"name":"Palomar 10","desig":"","mag":"13.2","dim":"4.0","type":"GC","sub":"MW","pop":"BD","str":""},"geometry":{"type":"Point","coordinates":[-70.4912,18.5717]}},{"type":"Feature","id":"Arp2","properties":{"name":"Arp 2","desig":"","mag":"12.3","dim":"2.3","type":"GC","sub":"MW","pop":"YH","str":"Sgr"},"geometry":{"type":"Point","coordinates":[-67.8162,-30.3539]}},{"type":"Feature","id":"SagDIG","properties":{"name":"SagDIG","desig":"Sgr dw","mag":"15.5","dim":"2.9x2.1","type":"IBm V-VI:","sub":"LG","pop":"","str":""},"geometry":{"type":"Point","coordinates":[-67.5042,-17.6781]}},{"type":"Feature","id":"M55","properties":{"name":"M55","desig":"NGC 6809","mag":"6.3","dim":"19.0","type":"GC","sub":"MW","pop":"OH","str":""},"geometry":{"type":"Point","coordinates":[-65.0025,-30.9622]}},{"type":"Feature","id":"Terzan8","properties":{"name":"Terzan 8","desig":"","mag":"12.4","dim":"3.5","type":"GC","sub":"MW","pop":"OH","str":"Sgr"},"geometry":{"type":"Point","coordinates":[-64.5625,-34.0003]}},{"type":"Feature","id":"NGC6822","properties":{"name":"NGC 6822","desig":"DDO 209","mag":"9.3","dim":"15.5x13.5","type":"IBm V-VI","sub":"LG","pop":"","str":""},"geometry":{"type":"Point","coordinates":[-63.7642,-14.7892]}},{"type":"Feature","id":"Palomar11","properties":{"name":"Palomar 11","desig":"","mag":"9.8","dim":"10.0","type":"GC","sub":"MW","pop":"BD","str":""},"geometry":{"type":"Point","coordinates":[-63.69,-8.0072]}},{"type":"Feature","id":"SgrII","properties":{"name":"Sgr II","desig":"Laevens 5","mag":"13.9","dim":"3.2","type":"UFD","sub":"MW","pop":"","str":"Sgr?"},"geometry":{"type":"Point","coordinates":[-61.8312,-22.0681]}},{"type":"Feature","id":"M71","properties":{"name":"M71","desig":"NGC 6838","mag":"8.2","dim":"7.2","type":"GC","sub":"MW","pop":"BD","str":""},"geometry":{"type":"Point","coordinates":[-61.5579,18.7783]}},{"type":"Feature","id":"M75","properties":{"name":"M75","desig":"NGC 6864","mag":"8.5","dim":"6.8","type":"GC","sub":"MW","pop":"OH","str":"FLS G-E"},"geometry":{"type":"Point","coordinates":[-58.48,-21.9214]}},{"type":"Feature","id":"NGC6934","properties":{"name":"NGC 6934","desig":"","mag":"8.8","dim":"7.1","type":"GC","sub":"MW","pop":"YH","str":"(R)"},"geometry":{"type":"Point","coordinates":[-51.4517,7.4042]}},{"type":"Feature","id":"IndI","properties":{"name":"Ind I","desig":"","mag":"17.4","dim":"2.9","type":"UFD","sub":"MW","pop":"","str":""},"geometry":{"type":"Point","coordinates":[-50.2842,-46.165]}},{"type":"Feature","id":"AqrI","properties":{"name":"Aqr I","desig":"DDO 210","mag":"14.0","dim":"2.2x1.1","type":"IBm V-VI","sub":"LG","pop":"","str":""},"geometry":{"type":"Point","coordinates":[-48.2842,-12.8481]}},{"type":"Feature","id":"M72","properties":{"name":"M72","desig":"NGC 6981","mag":"9.3","dim":"6.6","type":"GC","sub":"MW","pop":"YH","str":""},"geometry":{"type":"Point","coordinates":[-46.6337,-12.5369]}},{"type":"Feature","id":"NGC7006","properties":{"name":"NGC 7006","desig":"","mag":"10.6","dim":"3.6","type":"GC","sub":"MW","pop":"YH","str":""},"geometry":{"type":"Point","coordinates":[-44.6271,16.1875]}},{"type":"Feature","id":"Laevens3","properties":{"name":"Laevens 3","desig":"","mag":"14.7","dim":"0.4","type":"GC","sub":"MW","pop":"YH","str":""},"geometry":{"type":"Point","coordinates":[-43.2737,14.98]}},{"type":"Feature","id":"Kim2","properties":{"name":"Kim 2","desig":"","mag":"17.2","dim":"2.5x1.6","type":"GC","sub":"MW","pop":"YH","str":""},"geometry":{"type":"Point","coordinates":[-42.7958,-51.1556]}},{"type":"Feature","id":"SegueIII","properties":{"name":"Segue III","desig":"","mag":"14.9","dim":"0.65","type":"GC","sub":"MW","pop":"YH","str":""},"geometry":{"type":"Point","coordinates":[-39.6208,19.1253]}},{"type":"Feature","id":"M15","properties":{"name":"M15","desig":"NGC 7078","mag":"6.2","dim":"18.0","type":"GC","sub":"MW","pop":"YH","str":""},"geometry":{"type":"Point","coordinates":[-37.5071,12.1669]}},{"type":"Feature","id":"M2","properties":{"name":"M2","desig":"NGC 7089","mag":"6.5","dim":"16.0","type":"GC","sub":"MW","pop":"OH","str":"G-E (R)(N)"},"geometry":{"type":"Point","coordinates":[-36.6279,0.8231]}},{"type":"Feature","id":"M30","properties":{"name":"M30","desig":"NGC 7099","mag":"7.2","dim":"12.0","type":"GC","sub":"MW","pop":"OH","str":"G-E? (R)"},"geometry":{"type":"Point","coordinates":[-34.9083,-23.1792]}},{"type":"Feature","id":"Palomar12","properties":{"name":"Palomar 12","desig":"","mag":"12.0","dim":"2.9","type":"GC","sub":"MW","pop":"YH","str":"Sgr"},"geometry":{"type":"Point","coordinates":[-33.3383,-21.2508]}},{"type":"Feature","id":"IC5152","properties":{"name":"IC 5152","desig":"ESO 237-27","mag":"11.1","dim":"5.2x3.2","type":"IAm V-VI","sub":"LG??","pop":"","str":""},"geometry":{"type":"Point","coordinates":[-29.3271,-51.2964]}},{"type":"Feature","id":"GruII","properties":{"name":"Gru II","desig":"","mag":"14.7","dim":"6.0","type":"UFD","sub":"MW","pop":"","str":"Mag??"},"geometry":{"type":"Point","coordinates":[-28.98,-46.44]}},{"type":"Feature","id":"Balbinot1","properties":{"name":"Balbinot 1","desig":"","mag":"","dim":"0.8","type":"GC","sub":"MW","pop":"OH","str":""},"geometry":{"type":"Point","coordinates":[-27.32,14.9497]}},{"type":"Feature","id":"Kim1","properties":{"name":"Kim 1","desig":"","mag":"16.4","dim":"","type":"GC","sub":"MW","pop":"","str":""},"geometry":{"type":"Point","coordinates":[-27.0779,7.0256]}},{"type":"Feature","id":"PegIII","properties":{"name":"Peg III","desig":"","mag":"17.5","dim":"78.0","type":"UFD","sub":"MW","pop":"","str":""},"geometry":{"type":"Point","coordinates":[-23.9058,5.42]}},{"type":"Feature","id":"AndXXVIII","properties":{"name":"And XXVIII","desig":"","mag":"15.6","dim":"1.1","type":"dSph","sub":"M31","pop":"","str":""},"geometry":{"type":"Point","coordinates":[-21.8283,31.2161]}},{"type":"Feature","id":"AqrII","properties":{"name":"Aqr II","desig":"","mag":"15.8","dim":"10.2","type":"UFD","sub":"MW","pop":"","str":""},"geometry":{"type":"Point","coordinates":[-21.52,-9.3275]}},{"type":"Feature","id":"TucI","properties":{"name":"Tuc I","desig":"","mag":"15.7","dim":"2.9x1.2","type":"dE4","sub":"LG","pop":"","str":""},"geometry":{"type":"Point","coordinates":[-19.5433,-64.4194]}},{"type":"Feature","id":"TucII","properties":{"name":"Tuc II","desig":"","mag":"15.7","dim":"19.7x12.0","type":"UFD","sub":"MW","pop":"","str":"Mag?"},"geometry":{"type":"Point","coordinates":[-17.0004,-58.5683]}},{"type":"Feature","id":"GruI","properties":{"name":"Gru I","desig":"","mag":"17.7","dim":"3.5x2.1","type":"UFD","sub":"MW","pop":"","str":"Mag??"},"geometry":{"type":"Point","coordinates":[-15.8238,-50.1633]}},{"type":"Feature","id":"LacI","properties":{"name":"Lac I","desig":"And XXXI","mag":"12.7","dim":"8.4x4.9","type":"dSph","sub":"M31","pop":"","str":""},"geometry":{"type":"Point","coordinates":[-15.4321,41.2911]}},{"type":"Feature","id":"PscII","properties":{"name":"Psc II","desig":"","mag":"16.3","dim":"1.1","type":"UFD","sub":"MW","pop":"","str":""},"geometry":{"type":"Point","coordinates":[-15.3708,5.9525]}},{"type":"Feature","id":"Palomar13","properties":{"name":"Palomar 13","desig":"","mag":"13.5","dim":"0.7","type":"GC","sub":"MW","pop":"YH","str":"Mag (R)"},"geometry":{"type":"Point","coordinates":[-13.315,12.7719]}},{"type":"Feature","id":"NGC7492","properties":{"name":"NGC 7492","desig":"","mag":"11.3","dim":"4.2","type":"GC","sub":"MW","pop":"OH","str":""},"geometry":{"type":"Point","coordinates":[-12.8887,-15.6114]}},{"type":"Feature","id":"UKS2323-326","properties":{"name":"UKS2323-326","desig":"UGCA 438","mag":"13.9","dim":"1.5x1.2","type":"IBm V-VI pec","sub":"LG??","pop":"","str":""},"geometry":{"type":"Point","coordinates":[-8.3854,-32.3889]}},{"type":"Feature","id":"CasI","properties":{"name":"Cas I","desig":"And VII","mag":"12.9","dim":"2.5x2.0","type":"dSph","sub":"M31","pop":"","str":""},"geometry":{"type":"Point","coordinates":[-8.3708,50.6919]}},{"type":"Feature","id":"PegDIG","properties":{"name":"PegDIG","desig":"DDO 216","mag":"13.2","dim":"5.0x2.7","type":"Im V-VI","sub":"M31?","pop":"","str":""},"geometry":{"type":"Point","coordinates":[-7.8492,14.7431]}},{"type":"Feature","id":"TucV","properties":{"name":"Tuc V","desig":"","mag":"17.1","dim":"1.8x0.54","type":"GC/UFD","sub":"MW","pop":"","str":"Mag?"},"geometry":{"type":"Point","coordinates":[-5.6525,-63.2719]}},{"type":"Feature","id":"PheII","properties":{"name":"Phe II","desig":"","mag":"17.5","dim":"2.2x1.2","type":"GC/UFD","sub":"MW","pop":"","str":"Mag?"},"geometry":{"type":"Point","coordinates":[-5.0029,-54.4061]}},{"type":"Feature","id":"PegI","properties":{"name":"Peg I","desig":"And VI","mag":"14.2","dim":"4.0x2.0","type":"dSph","sub":"M31","pop":"","str":""},"geometry":{"type":"Point","coordinates":[-2.0571,24.5825]}},{"type":"Feature","id":"AndXXI","properties":{"name":"And XXI","desig":"","mag":"14.7","dim":"3.5","type":"dSph","sub":"M31","pop":"","str":""},"geometry":{"type":"Point","coordinates":[-1.3013,42.4708]}},{"type":"Feature","id":"TucIII","properties":{"name":"Tuc III","desig":"","mag":"14.6","dim":"6.0","type":"UFD","sub":"MW","pop":"","str":"Mag??"},"geometry":{"type":"Point","coordinates":[-0.2988,-58.8981]}},{"type":"Feature","id":"AndXXIX","properties":{"name":"And XXIX","desig":"","mag":"16.0","dim":"1.7","type":"dSph","sub":"M31","pop":"","str":""},"geometry":{"type":"Point","coordinates":[-0.2683,30.7556]}}]}